Date,Open,High,Low,Close,Volume,Change
06-05-2015,8316.599609,8331.950195,8083,8097,209600,0
07-05-2015,8077,8122.600098,7997.149902,8057.299805,161600,-0.49030746
08-05-2015,8131.5,8224.950195,8123.450195,8191.5,183100,1.665572813
11-05-2015,8243.200195,8332.75,8224.650391,8325.25,192000,1.632790087
12-05-2015,8326.150391,8326.650391,8115.299805,8126.950195,173400,-2.381908111
13-05-2015,8181.549805,8254.950195,8089.799805,8235.450195,169800,1.335064168
14-05-2015,8232.450195,8236.25,8137.299805,8224.200195,134800,-0.136604554
15-05-2015,8240.299805,8279.200195,8212.200195,8262.349609,129800,0.463867769
18-05-2015,8284.950195,8384.599609,8271.950195,8373.650391,148700,1.347083908
19-05-2015,8356.200195,8427.799805,8335,8365.650391,140300,-0.095537784
20-05-2015,8392.650391,8440.349609,8391.450195,8423.25,123600,0.688525175
21-05-2015,8434.5,8446.349609,8382.5,8421,143800,-0.02671178
22-05-2015,8432.5,8489.549805,8420.599609,8458.950195,187300,0.450661382
25-05-2015,8438.150391,8441.950195,8364.150391,8370.25,121300,-1.048595783
26-05-2015,8377.099609,8378.900391,8320.049805,8339.349609,116800,-0.369169272
27-05-2015,8302.75,8342.849609,8277.950195,8334.599609,165500,-0.056958878
28-05-2015,8345.700195,8364.5,8270.150391,8319,232300,-0.187166867
29-05-2015,8327.099609,8443.900391,8305.700195,8433.650391,363900,1.378175153
01-06-2015,8417.25,8467.150391,8405.400391,8433.400391,122200,-0.002964315
02-06-2015,8442.799805,8445.349609,8226.049805,8236.450195,146800,-2.335359249
03-06-2015,8232.450195,8236.700195,8094.149902,8135.100098,171400,-1.23050701
04-06-2015,8155.149902,8160.049805,8056.75,8130.649902,154700,-0.054703642
05-06-2015,8119.149902,8191,8100.149902,8114.700195,162100,-0.196167677
08-06-2015,8124.350098,8131,8030.549805,8044.149902,135900,-0.869413426
09-06-2015,8026.5,8057.149902,8005.149902,8022.399902,136000,-0.270382828
10-06-2015,8024.149902,8152.25,8023.799805,8124.450195,136800,1.272066891
11-06-2015,8157.299805,8163.049805,7958.25,7965.350098,166200,-1.958287554
12-06-2015,7959.850098,7995.600098,7940.299805,7982.899902,136600,0.220326838
15-06-2015,7986.600098,8057.700195,7944.850098,8013.899902,133000,0.38833006
16-06-2015,8004.200195,8061.850098,7952.350098,8047.299805,124000,0.416774647
17-06-2015,8084.200195,8136.850098,8048.950195,8091.549805,152500,0.549873884
18-06-2015,8113.700195,8186.899902,8101.799805,8174.600098,144800,1.026383017
19-06-2015,8201.150391,8250.799805,8195.650391,8224.950195,147100,0.615933457
22-06-2015,8259.299805,8369.450195,8257.400391,8353.099609,122700,1.558057021
23-06-2015,8377.450195,8398.450195,8334.950195,8381.549805,131700,0.340594478
24-06-2015,8399.400391,8421.349609,8338.900391,8360.849609,130100,-0.24697337
25-06-2015,8336.25,8423.150391,8329.5,8398,201200,0.44433751
26-06-2015,8393.950195,8408.549805,8339.700195,8381.099609,110600,-0.201243046
29-06-2015,8247.049805,8329.450195,8195.650391,8318.400391,132000,-0.748102527
30-06-2015,8316.349609,8378,8298.950195,8368.5,158500,0.602274556
01-07-2015,8376.25,8481.599609,8370.150391,8453.049805,131800,1.01033405
02-07-2015,8471.950195,8479.25,8433.200195,8444.900391,112000,-0.096407973
03-07-2015,8440.099609,8497.75,8424.150391,8484.900391,88400,0.473658636
06-07-2015,8386.150391,8533.150391,8386.150391,8522.150391,101500,0.439015171
07-07-2015,8525.5,8561.349609,8483.849609,8510.799805,122200,-0.133189224
08-07-2015,8439.200195,8457.5,8341.400391,8363.049805,188100,-1.736029555
09-07-2015,8364.849609,8400.299805,8323,8328.549805,131300,-0.412528931
10-07-2015,8365.700195,8377.099609,8315.400391,8360.549805,154100,0.384220552
13-07-2015,8397.25,8471.650391,8355.400391,8459.650391,117800,1.185335753
14-07-2015,8470.599609,8480.25,8424.099609,8454.099609,101700,-0.065614792
15-07-2015,8463.400391,8531.400391,8462.950195,8523.799805,105500,0.824454398
16-07-2015,8546.150391,8616.099609,8542.900391,8608.049805,116000,0.988408948
17-07-2015,8623.650391,8642.950195,8593.150391,8609.849609,105000,0.020908383
20-07-2015,8623.900391,8624.099609,8559,8603.450195,90600,-0.074326664
21-07-2015,8601.5,8646.75,8517.900391,8529.450195,164100,-0.860120049
22-07-2015,8512.25,8643.900391,8498.650391,8633.5,136800,1.219888769
23-07-2015,8643.950195,8654.75,8573.799805,8589.799805,132900,-0.506170093
24-07-2015,8588.150391,8589.150391,8513.5,8521.549805,127400,-0.794547039
27-07-2015,8492.099609,8492.200195,8351.549805,8361,136600,-1.884044671
28-07-2015,8371.099609,8397.400391,8321.75,8337,174600,-0.287047004
29-07-2015,8365.599609,8381.5,8338.450195,8375.049805,141000,0.456396845
30-07-2015,8417,8458.900391,8408.299805,8421.799805,215200,0.558205636
31-07-2015,8456.099609,8548.950195,8448,8532.849609,203300,1.318599427
03-08-2015,8510.650391,8563.950195,8508.099609,8543.049805,156700,0.119540323
04-08-2015,8564.099609,8565.150391,8448.25,8516.900391,187400,-0.306089916
05-08-2015,8547.450195,8591.849609,8545.849609,8567.950195,132800,0.599394165
06-08-2015,8585.799805,8606.299805,8551.5,8588.650391,134900,0.241600331
07-08-2015,8580.799805,8595.950195,8552.700195,8564.599609,143700,-0.280029817
10-08-2015,8577,8621.549805,8497.799805,8525.599609,123400,-0.455362793
11-08-2015,8548.450195,8556.25,8441.299805,8462.349609,154400,-0.741883303
12-08-2015,8445.700195,8446.950195,8337.950195,8349.450195,190000,-1.334137908
13-08-2015,8384.450195,8429.5,8339.75,8355.849609,189200,0.076644735
14-08-2015,8402.349609,8530.099609,8381.200195,8518.549805,155900,1.947141268
17-08-2015,8530.5,8530.599609,8428.049805,8477.299805,174700,-0.484237352
18-08-2015,8505.849609,8525.75,8433.599609,8466.549805,153300,-0.126809246
19-08-2015,8468.049805,8520.450195,8425.950195,8495.150391,130500,0.337806859
20-08-2015,8471.049805,8501.349609,8359.75,8372.75,184100,-1.440826652
21-08-2015,8305.400391,8322.200195,8225.049805,8299.950195,201300,-0.869484996
24-08-2015,8055.950195,8060.049805,7769.399902,7809,312400,-5.915098085
25-08-2015,7895.399902,7925.399902,7667.25,7880.700195,299100,0.918173838
26-08-2015,7865.25,7930.049805,7777.100098,7791.850098,216600,-1.127439121
27-08-2015,7921.600098,7963.600098,7862.299805,7948.950195,305000,2.016210464
28-08-2015,8053.700195,8091.799805,7961.649902,8001.950195,195600,0.666754712
31-08-2015,8009.25,8043.600098,7947.950195,7971.299805,198200,-0.383036501
01-09-2015,7907.950195,7929.100098,7746.5,7785.850098,184900,-2.326467597
02-09-2015,7856.649902,7862.549805,7699.25,7717,215300,-0.88429776
03-09-2015,7774.450195,7845.600098,7754.049805,7823,155800,1.373590774
04-09-2015,7803.399902,7804.899902,7626.850098,7655.049805,193600,-2.146877093
07-09-2015,7685.850098,7705.049805,7545.899902,7558.799805,141400,-1.257339958
08-09-2015,7587.700195,7720.899902,7539.5,7688.25,172200,1.712576048
09-09-2015,7805.850098,7846.049805,7764.549805,7818.600098,208400,1.695445622
10-09-2015,7729.049805,7819.850098,7678.5,7788.100098,160300,-0.390095409
11-09-2015,7833.799805,7864.850098,7759.899902,7789.299805,136400,0.01540436
14-09-2015,7811.100098,7879.950195,7761.850098,7872.25,122800,1.064924924
15-09-2015,7867.350098,7880,7799.75,7829.100098,136500,-0.548126673
16-09-2015,7886.850098,7913.899902,7853.299805,7899.149902,140000,0.894736344
18-09-2015,7967.450195,8055,7955.850098,7981.899902,241800,1.047581082
21-09-2015,7911.5,7987.899902,7908.350098,7977.100098,121800,-0.060133603
22-09-2015,8014.799805,8021.600098,7787.75,7812,168400,-2.069675646
23-09-2015,7737.350098,7882.899902,7723.25,7845.950195,146700,0.43459031
24-09-2015,7838.399902,7894.5,7804.100098,7868.5,202500,0.287406935
28-09-2015,7892.799805,7893.950195,7787.950195,7795.700195,136300,-0.92520563
29-09-2015,7725.700195,7926.549805,7691.200195,7843.299805,240700,0.610588001
30-09-2015,7924.25,7957.700195,7874.5,7948.899902,210700,1.346373333
01-10-2015,7992.049805,8008.25,7930.649902,7950.899902,156900,0.025160714
05-10-2015,8005.100098,8128.899902,8005.100098,8119.299805,183100,2.117998026
06-10-2015,8180.450195,8180.950195,8096.5,8152.899902,178500,0.413829983
07-10-2015,8146.200195,8188.899902,8132.899902,8177.399902,193900,0.300506572
08-10-2015,8196.75,8196.75,8105.850098,8129.350098,171700,-0.587592689
09-10-2015,8186.350098,8232.200195,8139.649902,8189.700195,199700,0.742372961
12-10-2015,8231.5,8244.5,8128.200195,8143.600098,199100,-0.562903353
13-10-2015,8121.950195,8150.25,8088.600098,8131.700195,145900,-0.146125827
14-10-2015,8102.399902,8139.299805,8096.350098,8107.899902,138900,-0.292685323
15-10-2015,8134.350098,8190.549805,8129.799805,8179.5,167200,0.883090552
16-10-2015,8193.650391,8246.400391,8147.649902,8238.150391,156400,0.717041274
19-10-2015,8262.549805,8283.049805,8239.200195,8275.049805,124500,0.447908963
20-10-2015,8280.299805,8294.049805,8229.200195,8261.650391,155100,-0.161925479
21-10-2015,8258.349609,8294.400391,8217.150391,8251.700195,144800,-0.120438357
23-10-2015,8308.25,8328.099609,8280.75,8295.450195,152000,0.530193766
26-10-2015,8333.650391,8336.299805,8252.049805,8260.549805,133900,-0.420717251
27-10-2015,8230.349609,8241.950195,8217.049805,8232.900391,156700,-0.334716389
28-10-2015,8188.899902,8209.099609,8131.799805,8171.200195,188900,-0.749434501
29-10-2015,8175.450195,8179.600098,8098,8111.75,217500,-0.727557685
30-10-2015,8123.549805,8146.100098,8044.399902,8065.799805,199500,-0.566464635
02-11-2015,8054.549805,8060.700195,7995.600098,8050.799805,136100,-0.185970398
03-11-2015,8086.350098,8100.350098,8031.75,8060.700195,132500,0.122973993
04-11-2015,8104.899902,8116.100098,8027.299805,8040.200195,122100,-0.254320338
05-11-2015,8030.350098,8031.200195,7944.100098,7955.450195,132100,-1.054078231
06-11-2015,7956.549805,8002.649902,7926.149902,7954.299805,219500,-0.014460401
09-11-2015,7788.25,7937.75,7771.700195,7915.200195,211800,-0.491553134
10-11-2015,7877.600098,7885.100098,7772.850098,7783.350098,165200,-1.665783477
13-11-2015,7762.450195,7775.100098,7730.899902,7762.25,160900,-0.271092752
16-11-2015,7732.950195,7838.850098,7714.149902,7806.600098,149500,0.571356218
17-11-2015,7848.75,7860.450195,7793,7837.549805,145000,0.396455648
18-11-2015,7823.149902,7843.399902,7725.049805,7731.799805,143600,-1.349273722
19-11-2015,7788.5,7854.899902,7765.450195,7842.75,132600,1.434985357
20-11-2015,7841.899902,7906.950195,7817.799805,7856.549805,151900,0.175956202
23-11-2015,7869.5,7877.5,7825.200195,7849.25,127000,-0.092913622
24-11-2015,7837,7870.350098,7812.649902,7831.600098,130600,-0.224860999
26-11-2015,7837.149902,7897.100098,7832,7883.799805,219800,0.666526717
27-11-2015,7910.600098,7959.299805,7879.450195,7942.700195,150300,0.747106617
30-11-2015,7936.25,7966,7922.799805,7935.25,216300,-0.093799273
01-12-2015,7958.149902,7972.149902,7934.149902,7954.899902,138600,0.247628014
02-12-2015,7976.700195,7979.299805,7910.799805,7931.350098,126300,-0.296041488
03-12-2015,7902.299805,7912.299805,7853.299805,7864.149902,125700,-0.847273102
04-12-2015,7817.600098,7821.399902,7775.700195,7781.899902,152500,-1.045885455
07-12-2015,7816.549805,7825.399902,7746.049805,7765.399902,137600,-0.212030484
08-12-2015,7738.5,7771.25,7685.450195,7701.700195,135100,-0.820301695
09-12-2015,7695.5,7702.850098,7606.899902,7612.5,140000,-1.158188358
10-12-2015,7643.299805,7691.950195,7610,7683.299805,140800,0.9300467
11-12-2015,7699.600098,7703.049805,7575.299805,7610.450195,167800,-0.948155244
14-12-2015,7558.200195,7663.950195,7551.049805,7650.049805,148900,0.52033203
15-12-2015,7659.149902,7705,7625.100098,7700.899902,134300,0.664702823
16-12-2015,7725.25,7776.600098,7715.75,7750.899902,154300,0.649274768
17-12-2015,7783.049805,7852.899902,7737.549805,7844.350098,175900,1.205668983
18-12-2015,7828.899902,7836.149902,7753.350098,7761.950195,191400,-1.050436326
21-12-2015,7745.649902,7840.75,7733.450195,7834.450195,126300,0.934043612
22-12-2015,7829.399902,7846.299805,7776.850098,7786.100098,125700,-0.617147289
23-12-2015,7830.450195,7871.450195,7826.100098,7865.950195,117900,1.025546756
24-12-2015,7888.75,7888.75,7835.5,7861.049805,93500,-0.062298767
28-12-2015,7863.200195,7937.200195,7863,7925.149902,122900,0.815413953
29-12-2015,7929.200195,7942.149902,7902.75,7928.950195,113000,0.047952317
30-12-2015,7938.600098,7944.75,7889.850098,7896.25,106800,-0.41241519
31-12-2015,7897.799805,7955.549805,7891.149902,7946.350098,150900,0.634479633
04-01-2016,7924.549805,7937.549805,7781.100098,7791.299805,134700,#VALUE!
05-01-2016,7828.399902,7831.200195,7763.25,7784.649902,145200,-0.085350367
06-01-2016,7788.049805,7800.950195,7721.200195,7741,147100,-0.560717599
07-01-2016,7673.350098,7674.950195,7556.600098,7568.299805,188900,-2.230980429
08-01-2016,7611.649902,7634.100098,7581.049805,7601.350098,157400,0.43669376
11-01-2016,7527.450195,7605.100098,7494.350098,7563.850098,189000,-0.493333415
12-01-2016,7587.200195,7588.299805,7487.799805,7510.299805,163900,-0.707976656
13-01-2016,7557.899902,7590.950195,7425.799805,7562.399902,215200,0.693715276
14-01-2016,7467.399902,7604.799805,7443.799805,7536.799805,200800,-0.33851816
15-01-2016,7561.649902,7566.5,7427.299805,7437.799805,197500,-1.313554858
18-01-2016,7420.350098,7463.649902,7336.399902,7351,233600,-1.16700916
19-01-2016,7381.799805,7462.75,7364.149902,7435.100098,188300,1.144063366
20-01-2016,7357,7470.899902,7241.5,7309.299805,225600,-1.691978472
21-01-2016,7376.649902,7398.700195,7250,7276.799805,240700,-0.444639033
22-01-2016,7355.700195,7433.399902,7327.600098,7422.450195,229200,2.001572036
25-01-2016,7468.75,7487.149902,7421.200195,7436.149902,163200,0.184571222
27-01-2016,7469.600098,7477.899902,7419.700195,7437.75,187600,0.021517829
28-01-2016,7426.5,7468.850098,7409.600098,7424.649902,274500,-0.176129851
29-01-2016,7413.350098,7575.649902,7402.799805,7563.549805,298700,1.870793975
01-02-2016,7589.5,7600.450195,7541.25,7555.950195,200400,-0.100476763
02-02-2016,7566.649902,7576.299805,7428.049805,7455.549805,230200,-1.328759288
03-02-2016,7392.450195,7419.399902,7350.299805,7361.799805,192000,-1.257452535
04-02-2016,7411.450195,7457.049805,7365.950195,7404,222700,0.573232037
05-02-2016,7418.25,7503.149902,7406.649902,7489.100098,249800,1.149380038
08-02-2016,7489.700195,7512.549805,7363.200195,7387.25,171500,-1.35997779
09-02-2016,7303.950195,7323.450195,7275.149902,7298.200195,212100,-1.205452706
10-02-2016,7264.299805,7271.850098,7177.75,7215.700195,246900,-1.130415689
11-02-2016,7203.600098,7208.649902,6959.950195,6976.350098,292300,-3.317073749
12-02-2016,7023.649902,7034.799805,6869,6980.950195,333900,0.065938448
15-02-2016,7057.350098,7182.799805,7056.799805,7162.950195,354200,2.60709495
16-02-2016,7201.25,7204.649902,7037.700195,7048.25,253800,-1.601298234
17-02-2016,7058.850098,7123.700195,6960.649902,7108.450195,260000,0.85411549
18-02-2016,7177.399902,7215.100098,7127.850098,7191.75,246700,1.171842001
19-02-2016,7170.549805,7226.850098,7145.950195,7210.75,192300,0.264191608
22-02-2016,7208.850098,7252.399902,7200.700195,7234.549805,154400,0.330060049
23-02-2016,7240.299805,7241.700195,7090.700195,7109.549805,194400,-1.727820022
24-02-2016,7075,7090.799805,7009.75,7018.700195,199700,-1.277853204
25-02-2016,7029.850098,7034.200195,6961.399902,6970.600098,283100,-0.685313458
26-02-2016,7039.299805,7052.899902,6985.100098,7029.75,206700,0.848562551
29-02-2016,7050.450195,7094.600098,6825.799805,6987.049805,473400,-0.607421245
01-03-2016,7038.25,7235.5,7035.100098,7222.299805,275100,3.366943224
02-03-2016,7321.700195,7380.350098,7308.149902,7368.850098,338500,2.029136106
03-03-2016,7429.549805,7483.950195,7406.049805,7475.600098,278600,1.448665648
04-03-2016,7505.399902,7505.899902,7444.100098,7485.350098,281700,0.130424312
08-03-2016,7486.399902,7527.149902,7442.149902,7485.299805,257000,-0.000671886
09-03-2016,7436.100098,7539,7424.299805,7531.799805,245100,0.621217603
10-03-2016,7545.350098,7547.100098,7447.399902,7486.149902,224700,-0.606095544
11-03-2016,7484.850098,7543.950195,7460.600098,7510.200195,198700,0.321263845
14-03-2016,7542.600098,7583.700195,7515.049805,7538.75,166900,0.380147057
15-03-2016,7535.850098,7545.200195,7452.799805,7460.600098,193700,-1.036642706
16-03-2016,7457.049805,7508,7405.149902,7498.75,195400,0.511351654
17-03-2016,7557.399902,7585.299805,7479.399902,7512.549805,239600,0.184028071
18-03-2016,7534.649902,7613.600098,7517.899902,7604.350098,237400,1.221959193
21-03-2016,7619.200195,7713.549805,7617.700195,7704.25,196800,1.313720446
22-03-2016,7695.549805,7728.200195,7643.799805,7714.899902,208900,0.138234118
23-03-2016,7717.450195,7726.850098,7670.600098,7716.5,199600,0.02074036
28-03-2016,7741,7749.399902,7587.700195,7615.100098,242400,-1.314065988
29-03-2016,7606.549805,7652.899902,7582.25,7597,216800,-0.237686935
30-03-2016,7651.100098,7741.950195,7643.450195,7735.200195,232600,1.819141701
31-03-2016,7727.649902,7777.600098,7702,7738.399902,380100,0.041365536
01-04-2016,7718.049805,7740.149902,7666.100098,7713.049805,183900,-0.327588356
04-04-2016,7733.149902,7764.450195,7704.399902,7758.799805,155500,0.593150584
05-04-2016,7736.299805,7736.299805,7588.649902,7603.200195,203800,-2.005459786
06-04-2016,7636.049805,7638.649902,7591.75,7614.350098,165600,0.1466475
07-04-2016,7630.399902,7630.75,7535.850098,7546.450195,234400,-0.891736026
08-04-2016,7542.350098,7569.350098,7526.700195,7555.200195,143400,0.115948556
11-04-2016,7577.799805,7678.799805,7516.850098,7671.399902,179800,1.538009636
12-04-2016,7669.25,7717.399902,7663.350098,7708.950195,163400,0.489484233
13-04-2016,7777.149902,7864.799805,7772.200195,7850.450195,220400,1.835528787
18-04-2016,7908.149902,7920.600098,7842.75,7914.700195,184600,0.818424401
20-04-2016,7950.049805,7950.399902,7877.549805,7914.75,205300,0.000629272
21-04-2016,7953.649902,7978.450195,7884.100098,7912.049805,223700,-0.034115986
22-04-2016,7891.799805,7923.350098,7873.350098,7899.299805,183300,-0.161146609
25-04-2016,7894.799805,7911,7827,7855.049805,146300,-0.560176232
26-04-2016,7828.149902,7974.5,7822.549805,7962.649902,202400,1.369820684
27-04-2016,7942,7991,7940.549805,7979.899902,206800,0.216636424
28-04-2016,7967.399902,7992,7834.450195,7847.25,292500,-1.662300325
29-04-2016,7844.25,7889.049805,7788.700195,7849.799805,243700,0.032492975
02-05-2016,7822.700195,7829.799805,7777.299805,7805.899902,146300,-0.559248695
03-05-2016,7824.799805,7890.25,7735.149902,7747,186500,-0.754556204
04-05-2016,7724.149902,7749,7697.25,7706.549805,199700,-0.522140119
05-05-2016,7731,7777.549805,7706.850098,7735.5,185100,0.375657016
06-05-2016,7717.649902,7738.899902,7678.350098,7733.450195,163600,-0.026498675
09-05-2016,7755.25,7873.649902,7753.549805,7866.049805,160600,1.714624219
10-05-2016,7873.549805,7896.899902,7837.700195,7887.799805,162000,0.276504733
11-05-2016,7804.649902,7893.100098,7780.899902,7848.850098,214100,-0.49379685
12-05-2016,7871.450195,7916.049805,7849.649902,7900.399902,152700,0.656781609
13-05-2016,7881,7881,7784.200195,7814.899902,179500,-1.082223698
16-05-2016,7831.200195,7873.899902,7772.149902,7860.75,205200,0.586701027
17-05-2016,7896.850098,7940.100098,7879.700195,7890.75,183400,0.381642973
18-05-2016,7846.75,7882.049805,7810.75,7870.149902,156400,-0.261066413
19-05-2016,7875.5,7876.200195,7766.799805,7783.399902,170400,-1.102266171
20-05-2016,7792.200195,7812.399902,7735.75,7749.700195,157000,-0.432968978
23-05-2016,7813.950195,7820.600098,7722.200195,7731.049805,172000,-0.240659503
24-05-2016,7738.049805,7761.549805,7715.799805,7748.850098,147000,0.23024419
25-05-2016,7811.799805,7941.200195,7809.299805,7934.899902,176200,2.400998879
26-05-2016,7974.450195,8083,7948.5,8069.649902,264300,1.698194075
27-05-2016,8081.950195,8164.200195,8077.049805,8156.649902,260900,1.078113686
30-05-2016,8166.5,8200,8150.799805,8178.5,247400,0.267880788
31-05-2016,8209.849609,8213.599609,8134.299805,8160.100098,471000,-0.224978933
01-06-2016,8179.200195,8215.349609,8171.049805,8179.950195,194400,0.243258009
02-06-2016,8156.899902,8229.5,8154.75,8218.950195,181700,0.476775519
03-06-2016,8246.200195,8262,8209.849609,8220.799805,379000,0.022504212
06-06-2016,8228.75,8234.700195,8186.049805,8201.049805,171600,-0.240244264
07-06-2016,8235.549805,8294.950195,8216.400391,8266.450195,241900,0.797463636
08-06-2016,8285.5,8288.900391,8252.049805,8273.049805,174300,0.079836083
09-06-2016,8273.349609,8273.349609,8184.600098,8203.599609,174900,-0.839475135
10-06-2016,8180.25,8265.599609,8162.850098,8170.049805,182200,-0.408964425
13-06-2016,8102.25,8125.25,8063.899902,8110.600098,169700,-0.727654157
14-06-2016,8134.399902,8134.950195,8069.5,8108.850098,145500,-0.021576702
15-06-2016,8139.399902,8213.200195,8123.149902,8206.599609,169800,1.205466988
16-06-2016,8180.649902,8180.649902,8074.450195,8140.75,189200,-0.802398218
17-06-2016,8176.649902,8195.25,8135.799805,8170.200195,166600,0.361762675
20-06-2016,8115.75,8244.150391,8107.350098,8238.5,168600,0.835962441
21-06-2016,8255.400391,8257.25,8202.150391,8219.900391,137000,-0.225764508
22-06-2016,8213.650391,8238.349609,8153.25,8203.700195,136100,-0.197085065
23-06-2016,8201.150391,8285.599609,8188.299805,8270.450195,154100,0.813657233
24-06-2016,8029.100098,8100.700195,7927.049805,8088.600098,297600,-2.198793206
27-06-2016,8039.350098,8120.649902,8039.350098,8094.700195,162500,0.07541598
28-06-2016,8096.049805,8146.350098,8086.850098,8127.850098,170400,0.409526013
29-06-2016,8173.100098,8212.400391,8157.649902,8204,147000,0.936900916
30-06-2016,8260.25,8308.150391,8242.099609,8287.75,279400,1.020843491
01-07-2016,8313.049805,8356.75,8308.650391,8328.349609,165500,0.489874924
04-07-2016,8376.75,8398.450195,8364.700195,8370.700195,154200,0.508511146
05-07-2016,8379.299805,8381.450195,8319.950195,8335.950195,139000,-0.415138509
07-07-2016,8342,8361.950195,8317.700195,8337.900391,155500,0.023395005
08-07-2016,8350,8353.299805,8287.549805,8323.200195,137900,-0.176305728
11-07-2016,8413.349609,8475.25,8407.049805,8467.900391,149800,1.738516347
12-07-2016,8502.599609,8526.599609,8479.200195,8521.049805,183600,0.627657525
13-07-2016,8540.450195,8550.25,8493.549805,8519.5,195500,-0.018187958
14-07-2016,8515.75,8571.400391,8500.700195,8565,153900,0.534068901
15-07-2016,8565.450195,8594.799805,8510.049805,8541.400391,221700,-0.275535423
18-07-2016,8564.049805,8587.099609,8494.349609,8508.700195,164300,-0.382843498
19-07-2016,8514.299805,8540.049805,8476.700195,8528.549805,167900,0.233286043
20-07-2016,8515.450195,8569.900391,8512.549805,8565.849609,160300,0.437352245
21-07-2016,8582.700195,8585.25,8503.450195,8510.099609,150000,-0.650840285
22-07-2016,8519.650391,8548.950195,8489.799805,8541.200195,143200,0.365455017
25-07-2016,8519.950195,8641.150391,8517.200195,8635.650391,150000,1.105818782
26-07-2016,8633.75,8644.900391,8577.150391,8590.650391,154800,-0.521095667
27-07-2016,8599.400391,8665,8572.049805,8615.799805,184100,0.292753317
28-07-2016,8636.950195,8674.700195,8625.25,8666.299805,233500,0.586132468
29-07-2016,8668.299805,8670.349609,8631.150391,8638.5,157000,-0.320780559
01-08-2016,8654.299805,8711.299805,8590.5,8636.549805,188400,-0.022575621
02-08-2016,8647.450195,8687.200195,8611.400391,8622.900391,169400,-0.158042439
03-08-2016,8635.200195,8635.450195,8529.599609,8544.849609,163000,-0.905156948
04-08-2016,8599.950195,8601.400391,8518.150391,8551.099609,164700,0.073143476
05-08-2016,8600.200195,8689.400391,8590.150391,8683.150391,157900,1.544254985
08-08-2016,8712.849609,8723.5,8697.599609,8711.349609,172600,0.324757913
09-08-2016,8727.799805,8728.349609,8638.200195,8678.25,200100,-0.379959599
10-08-2016,8686.700195,8690.099609,8564.599609,8575.299805,173600,-1.186301328
11-08-2016,8572.799805,8601.150391,8540.049805,8592.150391,189200,0.196501421
16-08-2016,8670.25,8682.349609,8600.450195,8642.549805,224800,#VALUE!
17-08-2016,8639.799805,8667.099609,8603.599609,8624.049805,174100,-0.214057199
18-08-2016,8648.849609,8690.700195,8645.049805,8673.25,164300,0.570499894
19-08-2016,8694.299805,8696.599609,8647.099609,8666.900391,191900,-0.073209108
22-08-2016,8667,8684.849609,8614,8629.150391,152300,-0.435565177
23-08-2016,8628.349609,8642.150391,8580,8632.599609,187500,0.039971699
24-08-2016,8648.5,8661.049805,8620.900391,8650.299805,149600,0.205039001
25-08-2016,8668.849609,8683.049805,8583.650391,8592.200195,213100,-0.671648513
26-08-2016,8614.349609,8622.950195,8547.549805,8572.549805,147500,-0.228700328
29-08-2016,8583.75,8622,8543.75,8607.450195,129700,0.407117961
30-08-2016,8646.75,8750.599609,8642.25,8744.349609,150200,1.590475819
31-08-2016,8754.049805,8819.200195,8754.049805,8786.200195,362200,0.478601473
01-09-2016,8793.599609,8813.25,8759.950195,8774.650391,238900,-0.131453913
02-09-2016,8796.349609,8824.099609,8768.200195,8809.650391,191500,0.398876291
06-09-2016,8852.700195,8950.849609,8848.450195,8943,195600,1.513676515
07-09-2016,8968.700195,8968.700195,8913.349609,8917.950195,290100,-0.280105166
08-09-2016,8915.5,8960.349609,8896,8952.5,217200,0.387418681
09-09-2016,8934.299805,8939.150391,8858.700195,8866.700195,175900,-0.958389333
12-09-2016,8732.950195,8746.950195,8699.400391,8715.599609,184500,-1.704135503
14-09-2016,8710.650391,8739.849609,8688.900391,8726.599609,184300,0.126210479
15-09-2016,8743.849609,8751.950195,8704.349609,8742.549805,145400,0.18277676
16-09-2016,8780.849609,8847.650391,8750.5,8779.849609,265800,0.426646743
19-09-2016,8788.450195,8824.299805,8774.200195,8808.400391,131700,0.325185319
20-09-2016,8816.099609,8816.450195,8759.299805,8775.900391,136500,-0.368965971
21-09-2016,8790.299805,8826.849609,8757.299805,8777.150391,148800,0.014243553
22-09-2016,8873.349609,8893.349609,8837.799805,8867.450195,172800,1.028805478
23-09-2016,8880.75,8885.200195,8820.299805,8831.549805,185900,-0.40485584
26-09-2016,8807.900391,8809.549805,8715.099609,8723.049805,164000,-1.228549942
27-09-2016,8748.900391,8768.5,8690.5,8706.400391,151400,-0.190866891
28-09-2016,8711.200195,8767.049805,8703.150391,8745.150391,165500,0.445074867
29-09-2016,8792.700195,8800.650391,8558.25,8591.25,372900,-1.759836985
30-09-2016,8581.5,8637.150391,8555.200195,8611.150391,181700,0.231635571
03-10-2016,8666.150391,8745.200195,8635,8738.099609,137300,1.474242258
04-10-2016,8770,8783.650391,8736.099609,8769.150391,184300,0.355349371
05-10-2016,8806.349609,8806.950195,8731.400391,8743.950195,157200,-0.28737329
06-10-2016,8768.700195,8781.150391,8684.650391,8709.549805,163600,-0.393419327
07-10-2016,8721.700195,8723.700195,8663.799805,8697.599609,150400,-0.137207964
10-10-2016,8735.349609,8745.799805,8703.950195,8708.799805,108400,0.128773415
13-10-2016,8671.5,8681.549805,8541.349609,8573.349609,212300,-1.555325637
14-10-2016,8594,8604.450195,8549.799805,8583.400391,162800,0.117232849
17-10-2016,8612.950195,8615.400391,8506.150391,8520.400391,197400,-0.733974848
18-10-2016,8556.049805,8685.099609,8555.900391,8677.900391,216600,1.84850468
19-10-2016,8697.5,8698.75,8636.700195,8659.099609,172100,-0.216651277
20-10-2016,8693.349609,8727,8678.299805,8699.400391,161000,0.465415388
21-10-2016,8708.599609,8709.099609,8652.049805,8693.049805,157300,-0.073000273
24-10-2016,8709.849609,8736.950195,8684.150391,8708.950195,157100,0.182909225
25-10-2016,8721.700195,8722.650391,8663.450195,8691.299805,189800,-0.202669548
26-10-2016,8657.299805,8657.299805,8596.599609,8615.25,219300,-0.87501072
27-10-2016,8607.099609,8624.849609,8550.25,8615.25,242800,0
28-10-2016,8625,8653.75,8581.75,8638,175500,0.264066626
01-11-2016,8653.150391,8669.599609,8614.5,8626.25,165000,-0.136026858
02-11-2016,8542.799805,8549.5,8504.849609,8514,155300,-1.301260687
03-11-2016,8499.849609,8537.650391,8476.150391,8484.950195,170500,-0.341200435
04-11-2016,8503.599609,8504,8400.25,8433.75,224800,-0.603423636
07-11-2016,8535.75,8535.849609,8481.450195,8497.049805,172800,0.75055349
08-11-2016,8540,8559.400391,8480.099609,8543.549805,195700,0.547248764
09-11-2016,8067.5,8476.200195,8002.25,8432,314300,-1.305661084
10-11-2016,8555.599609,8598.450195,8510.700195,8525.75,263100,1.111835863
11-11-2016,8456.650391,8460.599609,8284.950195,8296.299805,266900,-2.691261121
15-11-2016,8284.849609,8288.549805,8093.200195,8108.450195,359200,-2.264257734
16-11-2016,8205.650391,8210.049805,8089.399902,8111.600098,269500,0.038847165
17-11-2016,8105.100098,8151.25,8060.299805,8079.950195,191300,-0.390180761
18-11-2016,8097.549805,8128.950195,8048.299805,8074.100098,161200,-0.072402637
21-11-2016,8102.100098,8102.450195,7916.399902,7929.100098,218800,-1.795865771
22-11-2016,7989.149902,8019.049805,7938.149902,8002.299805,210200,0.923177991
23-11-2016,8051.200195,8055.200195,7973.100098,8033.299805,181000,0.387388635
24-11-2016,8011.799805,8024.850098,7952.549805,7965.5,260500,-0.843984498
25-11-2016,8007.950195,8122.25,7976.75,8114.299805,177900,1.868053543
28-11-2016,8080.649902,8146.5,8066.5,8126.899902,189700,0.155282616
29-11-2016,8131.549805,8197.349609,8128.700195,8142.149902,189700,0.187648429
30-11-2016,8172.149902,8234.25,8139.25,8224.5,248000,1.011404838
01-12-2016,8244,8250.799805,8185.049805,8192.900391,157700,-0.384213131
02-12-2016,8153.549805,8159.299805,8070.049805,8086.799805,171500,-1.295030831
05-12-2016,8088.75,8141.899902,8056.850098,8128.75,126500,0.518749023
06-12-2016,8153.149902,8178.700195,8130.850098,8143.149902,115300,0.177147803
07-12-2016,8168.399902,8190.450195,8077.5,8102.049805,169800,-0.504719887
08-12-2016,8152.100098,8256.25,8151.75,8246.849609,142500,1.787199628
09-12-2016,8271.700195,8274.950195,8241.950195,8261.75,149700,0.180679795
12-12-2016,8230.650391,8230.650391,8154.450195,8170.799805,108100,-1.100858716
13-12-2016,8196.150391,8228.849609,8155.799805,8221.799805,184000,0.624173902
14-12-2016,8229.349609,8229.400391,8165.100098,8182.450195,144600,-0.478600926
15-12-2016,8128.399902,8225.900391,8121.950195,8153.600098,181800,-0.352585061
16-12-2016,8178.200195,8178.700195,8127.450195,8139.450195,203000,-0.173541783
19-12-2016,8126,8132.5,8094.850098,8104.350098,107400,-0.43123425
20-12-2016,8110.600098,8124.100098,8062.75,8082.399902,128000,-0.270844617
21-12-2016,8105.850098,8112.549805,8053.25,8061.299805,123700,-0.261062274
22-12-2016,8043.850098,8046.450195,7964.950195,7979.100098,122600,-1.019683041
23-12-2016,7972.5,8022.600098,7942.049805,7985.75,124100,0.083341504
26-12-2016,7965.100098,7970.049805,7893.799805,7908.25,106900,-0.970478665
27-12-2016,7915.049805,8044.649902,7903.700195,8032.850098,118800,1.575571056
28-12-2016,8047.549805,8100.549805,8028.399902,8034.850098,126700,0.024897763
29-12-2016,8030.600098,8111.100098,8020.799805,8103.600098,178500,0.855647575
30-12-2016,8119.649902,8197,8114.75,8185.799805,127600,1.014360358
02-01-2017,8210.099609,8212,8133.799805,8179.5,118300,-0.076960165
03-01-2017,8196.049805,8219.099609,8148.600098,8192.25,127300,0.155877499
04-01-2017,8202.650391,8218.5,8180.899902,8190.5,132400,-0.021361653
05-01-2017,8226.650391,8282.650391,8223.700195,8273.799805,159100,1.017029546
06-01-2017,8281.849609,8306.849609,8233.25,8243.799805,139400,-0.362590354
09-01-2017,8259.349609,8263,8227.75,8236.049805,99100,-0.094010046
10-01-2017,8262.700195,8293.799805,8261,8288.599609,142900,0.638046214
11-01-2017,8327.799805,8389,8322.25,8380.650391,186500,1.110570981
12-01-2017,8391.049805,8417.200195,8382.299805,8407.200195,172600,0.316798849
13-01-2017,8457.650391,8461.049805,8373.150391,8400.349609,185300,-0.081484749
16-01-2017,8390.950195,8426.700195,8374.400391,8412.799805,124100,0.148210451
17-01-2017,8415.049805,8440.900391,8378.299805,8398,122000,-0.17592009
18-01-2017,8403.849609,8460.299805,8397.400391,8417,163800,0.226244344
19-01-2017,8418.400391,8445.150391,8404.049805,8435.099609,165900,0.215036343
20-01-2017,8404.349609,8423.650391,8340.950195,8349.349609,202600,-1.016585506
23-01-2017,8329.599609,8404.150391,8327.200195,8391.5,195000,0.504834424
24-01-2017,8407.049805,8480.950195,8398.150391,8475.799805,179200,1.004585652
25-01-2017,8499.450195,8612.599609,8493.950195,8602.75,292500,1.497796054
27-01-2017,8610.5,8672.700195,8606.900391,8641.25,275400,0.447531313
30-01-2017,8635.549805,8662.599609,8617.75,8632.75,304700,-0.098365399
31-01-2017,8629.450195,8631.75,8552.400391,8561.299805,521000,-0.82766436
01-02-2017,8570.349609,8722.400391,8537.5,8716.400391,327700,1.811647642
02-02-2017,8724.75,8757.599609,8685.799805,8734.25,283500,0.204781885
03-02-2017,8735.150391,8748.25,8707.75,8740.950195,191000,0.076711738
06-02-2017,8785.450195,8814.099609,8770.200195,8801.049805,194400,0.687563808
07-02-2017,8805.700195,8809.299805,8741.049805,8768.299805,226300,-0.372114699
08-02-2017,8774.549805,8791.25,8715,8769.049805,218700,0.00855354
09-02-2017,8795.549805,8821.400391,8724.099609,8778.400391,187500,0.10663169
10-02-2017,8812.349609,8822.099609,8771.200195,8793.549805,225900,0.17257602
13-02-2017,8819.799805,8826.900391,8754.200195,8805.049805,204900,0.130777675
14-02-2017,8819.900391,8820.450195,8772.5,8792.299805,188300,-0.14480327
15-02-2017,8778.950195,8807.900391,8712.849609,8724.700195,216100,-0.768850147
16-02-2017,8739,8783.950195,8719.599609,8778,184600,0.610907009
17-02-2017,8883.700195,8896.450195,8804.25,8821.700195,298300,0.497837719
20-02-2017,8818.549805,8886.25,8809.799805,8879.200195,167800,0.651801793
21-02-2017,8890.75,8920.799805,8860.950195,8907.849609,175700,0.322657597
22-02-2017,8931.599609,8960.75,8905.25,8926.900391,247100,0.213865106
23-02-2017,8956.400391,8982.150391,8927.549805,8939.5,377200,0.141142036
27-02-2017,8943.700195,8951.799805,8888.650391,8896.700195,189900,-0.478771799
28-02-2017,8898.950195,8914.75,8867.599609,8879.599609,293600,-0.192212681
01-03-2017,8904.400391,8960.799805,8898.599609,8945.799805,205900,0.745531318
02-03-2017,8982.849609,8992.5,8879.799805,8899.75,218800,-0.514764538
03-03-2017,8883.5,8907.099609,8860.099609,8897.549805,202600,-0.024721987
06-03-2017,8915.099609,8967.799805,8914,8963.450195,174800,0.740657725
07-03-2017,8977.75,8977.849609,8932.799805,8946.900391,173400,-0.184636537
08-03-2017,8950.700195,8957.049805,8891.950195,8924.299805,177800,-0.252607998
09-03-2017,8914.5,8945.799805,8899.5,8927,171500,0.030256659
10-03-2017,8953.700195,8975.700195,8903.950195,8934.549805,152700,0.084572701
14-03-2017,9091.650391,9122.75,9060.5,9087,270300,1.706299683
15-03-2017,9086.849609,9106.549805,9075.5,9084.799805,240600,-0.024212556
16-03-2017,9129.650391,9158.450195,9128.549805,9153.700195,208600,0.75841396
17-03-2017,9207.799805,9218.400391,9147.599609,9160.049805,286700,0.069366593
20-03-2017,9166.950195,9167.599609,9116.299805,9126.849609,332100,-0.362445584
21-03-2017,9133.950195,9147.75,9087.200195,9121.5,247700,-0.058613971
22-03-2017,9047.200195,9072.900391,9019.299805,9030.450195,232300,-0.998188949
23-03-2017,9048.75,9099.049805,9048.599609,9086.299805,191800,0.618458757
24-03-2017,9104,9133.549805,9089.400391,9108,203700,0.238823234
27-03-2017,9093.450195,9094.849609,9024.650391,9045.200195,202700,-0.689501592
28-03-2017,9081.5,9110.400391,9079.799805,9100.799805,183300,0.61468634
29-03-2017,9128.700195,9153.150391,9109.099609,9143.799805,243400,0.472485945
30-03-2017,9142.599609,9183.150391,9136.349609,9173.75,323400,0.327546487
31-03-2017,9158.900391,9191.700195,9152.099609,9173.75,190900,0
03-04-2017,9220.599609,9245.349609,9192.400391,9237.849609,139100,0.698728535
05-04-2017,9264.400391,9273.900391,9215.400391,9265.150391,184800,0.295531787
06-04-2017,9245.799805,9267.950195,9218.849609,9261.950195,186100,-0.034540141
07-04-2017,9223.700195,9250.5,9188.099609,9198.299805,190000,-0.68722449
10-04-2017,9225.599609,9225.650391,9174.849609,9181.450195,135800,-0.183181787
11-04-2017,9184.549805,9242.700195,9172.849609,9237,200100,0.605022124
12-04-2017,9242.5,9246.400391,9161.799805,9203.450195,161800,-0.363211053
13-04-2017,9202.5,9202.650391,9144.950195,9150.799805,166500,-0.572072309
17-04-2017,9144.75,9160,9120.25,9139.299805,0,-0.125672075
18-04-2017,9163,9217.900391,9095.450195,9105.150391,174200,-0.373654599
19-04-2017,9112.200195,9120.5,9075.150391,9103.5,173700,-0.018125906
20-04-2017,9108.099609,9143.900391,9102.650391,9136.400391,170300,0.361403757
21-04-2017,9179.099609,9183.650391,9088.75,9119.400391,155200,-0.186068903
24-04-2017,9135.349609,9225.400391,9130.549805,9217.950195,167700,1.080661006
25-04-2017,9273.049805,9309.200195,9250.349609,9306.599609,168700,0.961704198
26-04-2017,9336.200195,9367,9301.349609,9351.849609,185700,0.486214105
27-04-2017,9359.150391,9367.150391,9322.650391,9342.150391,209400,-0.103714435
28-04-2017,9340.950195,9342.650391,9282.25,9304.049805,162200,-0.407835289
02-05-2017,9339.849609,9352.549805,9269.900391,9313.799805,161600,0.104793076
03-05-2017,9344.700195,9346.299805,9298.400391,9311.950195,151600,-0.019858812
04-05-2017,9360.950195,9365.650391,9323.25,9359.900391,269600,0.514931835
05-05-2017,9374.549805,9377.099609,9272,9285.299805,231900,-0.79702329
08-05-2017,9311.450195,9338.700195,9297.950195,9314.049805,174300,0.309629205
09-05-2017,9337.349609,9338.950195,9307.700195,9316.849609,132300,0.030060007
10-05-2017,9339.650391,9414.75,9336,9407.299805,152700,0.970823828
11-05-2017,9448.599609,9450.650391,9411.299805,9422.400391,171100,0.160519876
12-05-2017,9436.650391,9437.75,9372.549805,9400.900391,154300,-0.228179648
15-05-2017,9433.549805,9449.25,9423.099609,9445.400391,140800,0.473358914
16-05-2017,9461,9517.200195,9456.349609,9512.25,166500,0.707747753
17-05-2017,9517.599609,9532.599609,9486.099609,9525.75,205500,0.141922258
18-05-2017,9453.200195,9489.099609,9418.099609,9429.450195,193300,-1.010941973
19-05-2017,9469.900391,9505.75,9390.75,9427.900391,252100,-0.016435783
22-05-2017,9480.25,9498.650391,9427.900391,9438.25,196800,0.109776393
23-05-2017,9445.049805,9448.049805,9370,9386.150391,224400,-0.552004969
24-05-2017,9410.900391,9431.900391,9341.650391,9360.549805,211800,-0.272748517
25-05-2017,9384.049805,9523.299805,9379.200195,9509.75,289200,1.59392555
26-05-2017,9507.75,9604.900391,9495.400391,9595.099609,218800,0.897495823
29-05-2017,9560.049805,9637.75,9547.700195,9604.900391,235000,0.102143619
30-05-2017,9590.650391,9635.299805,9581.200195,9624.549805,193900,0.204576968
31-05-2017,9636.549805,9649.599609,9609.25,9621.25,414300,-0.034285292
01-06-2017,9603.549805,9634.650391,9589.900391,9616.099609,176100,-0.053531412
02-06-2017,9657.150391,9673.5,9637.450195,9653.5,162200,0.388935145
05-06-2017,9656.299805,9687.200195,9640.700195,9675.099609,127700,0.223748993
06-06-2017,9704.25,9709.299805,9630.200195,9637.150391,145900,-0.392235941
07-06-2017,9663.950195,9678.549805,9630.549805,9663.900391,160700,0.277571677
08-06-2017,9682.400391,9688.700195,9641.5,9647.25,155400,-0.172294729
09-06-2017,9638.549805,9676.25,9608.150391,9668.25,159000,0.217678613
12-06-2017,9646.700195,9647.049805,9598.5,9616.400391,141400,-0.536287425
13-06-2017,9615.549805,9654.150391,9595.400391,9606.900391,129700,-0.098789564
14-06-2017,9621.549805,9627.400391,9580.450195,9618.150391,181800,0.117103327
15-06-2017,9617.900391,9621.400391,9560.799805,9578.049805,171100,-0.416926169
16-06-2017,9595.450195,9615.849609,9565.5,9588.049805,213200,0.104405387
19-06-2017,9626.400391,9673.299805,9614.900391,9657.549805,141700,0.724860649
20-06-2017,9670.5,9676.5,9643.75,9653.5,159500,-0.041934084
21-06-2017,9648.099609,9650.450195,9608.599609,9633.599609,144000,-0.2061469
22-06-2017,9642.650391,9698.849609,9617.75,9630,198800,-0.037365151
23-06-2017,9643.25,9647.650391,9565.299805,9574.950195,175200,-0.571649065
27-06-2017,9594.049805,9615.400391,9473.450195,9511.400391,203300,-0.663708977
28-06-2017,9520.200195,9522.5,9474.349609,9491.25,172400,-0.211855144
29-06-2017,9522.950195,9575.799805,9493.799805,9504.099609,259300,0.135383738
30-06-2017,9478.5,9535.799805,9448.75,9520.900391,179600,0.176774052
03-07-2017,9587.950195,9624,9543.549805,9615,183000,0.988347794
04-07-2017,9645.900391,9650.650391,9595.5,9613.299805,144800,-0.017682735
05-07-2017,9619.75,9643.650391,9607.349609,9637.599609,130800,0.252772768
06-07-2017,9653.599609,9700.700195,9639.950195,9674.549805,147400,0.383396255
07-07-2017,9670.349609,9684.25,9642.650391,9665.799805,141800,-0.090443485
10-07-2017,9719.299805,9782.150391,9646.450195,9771.049805,37500,1.08889075
11-07-2017,9797.450195,9830.049805,9778.849609,9786.049805,179700,0.153514723
12-07-2017,9807.299805,9824.950195,9787.700195,9816.099609,145500,0.307067761
13-07-2017,9855.799805,9897.25,9853.450195,9891.700195,181300,0.770169304
14-07-2017,9913.299805,9913.299805,9845.450195,9886.349609,159600,-0.054091672
17-07-2017,9908.150391,9928.200195,9894.700195,9915.950195,163500,0.299408651
18-07-2017,9832.700195,9885.349609,9792.049805,9827.150391,293900,-0.895524909
19-07-2017,9855.950195,9905.049805,9851.650391,9899.599609,200200,0.737235263
20-07-2017,9920.200195,9922.549805,9863.450195,9873.299805,161100,-0.26566533
21-07-2017,9899.599609,9924.700195,9838,9915.25,187500,0.424885254
24-07-2017,9936.799805,9982.049805,9919.599609,9966.400391,174500,0.515875959
25-07-2017,10010.54981,10011.29981,9949.099609,9964.549805,185500,-0.018568249
26-07-2017,9983.650391,10025.9502,9965.950195,10020.65039,197600,0.563001712
27-07-2017,10063.25,10114.84961,10005.5,10020.54981,287900,-0.001003787
28-07-2017,9996.549805,10026.04981,9944.5,10014.5,191600,-0.060373983
31-07-2017,10034.7002,10085.90039,10016.9502,10077.09961,237700,0.62508971
01-08-2017,10101.04981,10128.59961,10065.75,10114.65039,184300,0.37263482
02-08-2017,10136.29981,10137.84961,10054.2002,10081.5,161500,-0.327746286
03-08-2017,10081.15039,10081.15039,9998.25,10013.65039,192700,-0.67301105
04-08-2017,10008.59961,10075.25,9988.349609,10066.40039,178600,0.526780923
07-08-2017,10074.79981,10088.09961,10046.34961,10057.40039,137400,-0.089406338
08-08-2017,10068.34961,10083.79981,9947,9978.549805,203300,-0.784005637
09-08-2017,9961.150391,9969.799805,9893.049805,9908.049805,169200,-0.70651549
10-08-2017,9872.849609,9892.650391,9776.200195,9820.25,235500,-0.886146181
11-08-2017,9712.150391,9771.650391,9685.549805,9710.799805,285900,-1.11453573
14-08-2017,9755.75,9818.299805,9752.099609,9794.150391,195600,0.858328744
16-08-2017,9825.849609,9903.950195,9773.849609,9897.299805,219500,1.053173679
17-08-2017,9945.549805,9947.799805,9883.75,9904.150391,197600,0.069216717
18-08-2017,9865.950195,9865.950195,9783.650391,9837.400391,246300,-0.673959879
21-08-2017,9864.25,9884.349609,9740.099609,9754.349609,205300,-0.844235049
22-08-2017,9815.75,9828.450195,9752.599609,9765.549805,183600,0.114822581
23-08-2017,9803.049805,9857.900391,9786.75,9852.5,168600,0.890376853
24-08-2017,9881.200195,9881.5,9848.849609,9857.049805,184700,0.046179193
28-08-2017,9907.150391,9925.75,9882,9912.799805,159600,0.565585049
29-08-2017,9886.400391,9887.349609,9783.75,9796.049805,173300,-1.177770179
30-08-2017,9859.5,9909.450195,9850.799805,9884.400391,157800,0.901900131
31-08-2017,9905.700195,9925.099609,9856.950195,9917.900391,327700,0.338917877
01-09-2017,9937.650391,9983.450195,9909.849609,9974.400391,157800,0.569677026
04-09-2017,9984.150391,9988.400391,9861,9912.849609,148800,-0.61708754
05-09-2017,9933.25,9963.099609,9901.049805,9952.200195,139200,0.396965429
06-09-2017,9899.25,9931.549805,9882.549805,9916.200195,149200,-0.361729058
07-09-2017,9945.849609,9964.849609,9917.200195,9929.900391,188800,0.138159736
08-09-2017,9958.650391,9963.599609,9913.299805,9934.799805,163600,0.049340012
11-09-2017,9971.75,10028.65039,9968.799805,10006.04981,173000,0.717176002
12-09-2017,10056.84961,10097.54981,10028.04981,10093.04981,182600,0.869473985
13-09-2017,10099.25,10131.9502,10063.15039,10079.29981,215000,-0.136232361
14-09-2017,10107.40039,10126.5,10070.34961,10086.59961,225600,0.072423721
15-09-2017,10062.34961,10115.15039,10043.65039,10085.40039,266600,-0.01188922
18-09-2017,10133.09961,10171.7002,10131.29981,10153.09961,156100,0.671259597
19-09-2017,10175.59961,10178.9502,10129.9502,10147.54981,187500,-0.054661179
20-09-2017,10160.9502,10171.04981,10134.2002,10141.15039,199400,-0.063063637
21-09-2017,10139.59961,10158.90039,10058.59961,10121.90039,191800,-0.189820674
22-09-2017,10094.34961,10095.04981,9952.799805,9964.400391,226600,-1.55603191
25-09-2017,9960.099609,9960.5,9816.049805,9872.599609,221400,-0.921287568
26-09-2017,9875.25,9891.349609,9813,9871.5,190900,-0.011137988
27-09-2017,9920.599609,9921.049805,9714.400391,9735.75,200100,-1.375170947
28-09-2017,9736.400391,9789.200195,9687.549805,9768.950195,385000,0.341013224
29-09-2017,9814.299805,9854,9775.349609,9788.599609,196300,0.201141511
03-10-2017,9893.299805,9895.400391,9831.049805,9859.5,162800,0.724315978
04-10-2017,9884.349609,9938.299805,9850.650391,9914.900391,156200,0.561898585
05-10-2017,9927,9945.950195,9881.849609,9888.700195,147800,-0.264250723
06-10-2017,9908.150391,9989.349609,9906.599609,9979.700195,195800,0.920242279
09-10-2017,9988.200195,10015.75,9959.450195,9988.75,143900,0.090682133
10-10-2017,10013.7002,10034,10002.29981,10016.9502,148600,0.28231956
11-10-2017,10042.59961,10067.25,9955.799805,9984.799805,189700,-0.320959867
12-10-2017,10011.2002,10104.4502,9977.099609,10096.40039,200900,1.117704793
13-10-2017,10123.7002,10191.90039,10120.09961,10167.4502,230100,0.703714208
16-10-2017,10207.40039,10242.9502,10175.09961,10230.84961,203000,0.623552737
17-10-2017,10227.65039,10251.84961,10212.59961,10234.4502,195700,0.035193421
18-10-2017,10209.40039,10236.4502,10175.75,10210.84961,254200,-0.230599451
19-10-2017,10210.34961,10211.9502,10123.34961,10146.54981,30200,-0.62972041
23-10-2017,10176.65039,10224.15039,10124.5,10184.84961,218100,0.377466279
24-10-2017,10218.54981,10237.75,10182.40039,10207.7002,217200,0.2243586
25-10-2017,10321.15039,10340.54981,10240.90039,10295.34961,594200,0.85865976
26-10-2017,10291.79981,10355.65039,10271.84961,10343.79981,429700,0.470602727
27-10-2017,10362.29981,10366.15039,10311.29981,10323.04981,312700,-0.200603264
30-10-2017,10353.84961,10384.5,10344.29981,10363.65039,236900,0.393300301
31-10-2017,10364.90039,10367.7002,10323.9502,10335.29981,232600,-0.273557916
01-11-2017,10390.34961,10451.65039,10383.04981,10440.5,260300,1.017872698
02-11-2017,10440.5,10453,10412.54981,10423.79981,201500,-0.159955893
03-11-2017,10461.54981,10461.7002,10403.59961,10452.5,199900,0.275333329
06-11-2017,10431.75,10490.4502,10413.75,10451.79981,193600,-0.006698828
07-11-2017,10477.15039,10485.75,10340.79981,10350.15039,286900,-0.972554162
08-11-2017,10361.9502,10384.25,10285.5,10303.15039,274500,-0.454099682
09-11-2017,10358.65039,10368.4502,10266.9502,10308.9502,240200,0.056291559
10-11-2017,10304.34961,10344.9502,10254.09961,10321.75,279400,0.124162061
13-11-2017,10322,10334.15039,10216.25,10224.9502,210300,-0.937823576
14-11-2017,10223.40039,10248,10175.54981,10186.59961,305000,-0.375068683
15-11-2017,10171.9502,10175.4502,10094,10118.04981,207400,-0.672940987
16-11-2017,10152.90039,10232.25,10139.2002,10214.75,182600,0.955719698
17-11-2017,10324.54981,10343.59961,10268.04981,10283.59961,203300,0.674021479
20-11-2017,10287.2002,10309.84961,10261.5,10298.75,147200,0.147325757
21-11-2017,10329.25,10358.7002,10315.04981,10326.90039,186100,0.273337939
22-11-2017,10350.79981,10368.7002,10309.54981,10342.29981,157600,0.14911942
23-11-2017,10358.4502,10374.29981,10307.29981,10348.75,153000,0.062367125
24-11-2017,10366.79981,10404.5,10362.25,10389.7002,129200,0.395701848
27-11-2017,10361.04981,10407.15039,10340.2002,10399.54981,141900,0.094801677
28-11-2017,10387.90039,10409.54981,10355.2002,10370.25,196000,-0.28174109
29-11-2017,10376.65039,10392.9502,10345.90039,10361.29981,152500,-0.086306454
30-11-2017,10332.7002,10332.7002,10211.25,10226.54981,342500,-1.300512508
01-12-2017,10263.7002,10272.7002,10108.54981,10121.79981,143400,-1.024294625
04-12-2017,10175.04981,10179.2002,10095.7002,10127.75,148600,0.058785938
05-12-2017,10118.25,10147.9502,10069.09961,10118.25,155500,-0.093801683
06-12-2017,10088.79981,10104.2002,10033.34961,10044.09961,166100,-0.732838099
07-12-2017,10063.4502,10182.65039,10061.90039,10166.7002,166200,1.22062296
08-12-2017,10198.4502,10270.84961,10195.25,10265.65039,200000,0.973277407
11-12-2017,10310.5,10329.2002,10282.04981,10322.25,147400,0.55134947
12-12-2017,10324.90039,10326.09961,10230.2002,10240.15039,175100,-0.795365439
13-12-2017,10236.59961,10296.54981,10169.84961,10192.9502,181600,-0.460932645
14-12-2017,10229.29981,10276.09961,10141.54981,10252.09961,154300,0.580297292
15-12-2017,10345.65039,10373.09961,10319.65039,10333.25,255100,0.791548991
18-12-2017,10263.09961,10443.54981,10074.79981,10388.75,230400,0.537101106
19-12-2017,10414.79981,10472.2002,10406,10463.2002,169100,0.716642474
20-12-2017,10494.40039,10494.4502,10437.15039,10444.2002,175200,-0.181588803
21-12-2017,10473.9502,10473.9502,10426.90039,10440.29981,151900,-0.037345033
22-12-2017,10457.29981,10501.09961,10448.25,10493,138800,0.504776644
26-12-2017,10512.29981,10545.4502,10477.9502,10531.5,155600,0.366911274
27-12-2017,10531.04981,10552.40039,10469.25,10490.75,165200,-0.386934435
28-12-2017,10498.2002,10534.54981,10460.4502,10477.90039,272900,-0.122485132
29-12-2017,10492.34961,10538.7002,10488.65039,10530.7002,152000,0.50391588
02-01-2018,10477.54981,10495.2002,10404.65039,10442.2002,153400,#VALUE!
03-01-2018,10482.65039,10503.59961,10429.54981,10443.2002,167300,0.009576526
04-01-2018,10469.40039,10513,10441.4502,10504.79981,174900,0.589853769
05-01-2018,10534.25,10566.09961,10520.09961,10558.84961,180900,0.514524836
08-01-2018,10591.7002,10631.2002,10588.54981,10623.59961,169000,0.613229683
09-01-2018,10645.09961,10659.15039,10603.59961,10637,205000,0.126137952
10-01-2018,10652.04981,10655.5,10592.7002,10632.2002,176400,-0.045123672
11-01-2018,10637.04981,10664.59961,10612.34961,10651.2002,153800,0.178702429
12-01-2018,10682.54981,10690.40039,10597.09961,10681.25,175200,0.282125999
15-01-2018,10718.5,10782.65039,10713.79981,10741.54981,175900,0.564538841
16-01-2018,10761.5,10762.34961,10687.84961,10700.4502,211000,-0.38262272
17-01-2018,10702.4502,10803,10666.75,10788.54981,252700,0.8233262
18-01-2018,10873.40039,10887.5,10782.40039,10817,312000,0.263707315
19-01-2018,10829.2002,10906.84961,10793.90039,10894.7002,207600,0.718315568
22-01-2018,10883.2002,10975.09961,10881.40039,10966.2002,231600,0.656282401
23-01-2018,10997.40039,11092.90039,10994.54981,11083.7002,284600,1.071474147
24-01-2018,11069.34961,11110.09961,11046.15039,11086,283400,0.020749433
25-01-2018,11095.59961,11095.59961,11009.2002,11069.65039,330300,-0.147479785
29-01-2018,11079.34961,11171.54981,11075.9502,11130.40039,241700,0.54879782
30-01-2018,11120.84961,11121.09961,11033.90039,11049.65039,228000,-0.725490523
31-01-2018,11018.79981,11058.5,10979.29981,11027.7002,245900,-0.198650593
01-02-2018,11044.54981,11117.34961,10878.79981,11016.90039,306200,-0.09793342
02-02-2018,10938.2002,10954.9502,10736.09961,10760.59961,282700,-2.32643278
05-02-2018,10604.29981,10702.75,10586.79981,10666.54981,240100,-0.874020105
06-02-2018,10295.15039,10594.15039,10276.29981,10498.25,266500,-1.577827958
07-02-2018,10607.2002,10614,10446.40039,10476.7002,250400,-0.20527045
08-02-2018,10518.5,10637.79981,10479.54981,10576.84961,232200,0.955925169
09-02-2018,10416.5,10480.2002,10398.2002,10454.9502,191600,-1.152511556
12-02-2018,10518.2002,10555.5,10485.40039,10539.75,217400,0.811097169
14-02-2018,10585.75,10590.54981,10456.65039,10500.90039,229200,-0.368600859
15-02-2018,10537.90039,10618.09961,10511.04981,10545.5,210600,0.42472176
16-02-2018,10596.2002,10612.90039,10434.04981,10452.29981,184300,-0.883791143
19-02-2018,10488.90039,10489.34961,10302.75,10378.40039,187300,-0.707015828
20-02-2018,10391,10429.34961,10347.65039,10360.40039,187700,-0.173437132
21-02-2018,10426,10426.09961,10349.59961,10397.4502,234100,0.35760977
22-02-2018,10354.34961,10397.54981,10340.65039,10382.7002,313600,-0.141861704
23-02-2018,10408.09961,10499.09961,10396.65039,10491.04981,210600,1.043559074
26-02-2018,10526.54981,10592.9502,10520.2002,10582.59961,171900,0.872646739
27-02-2018,10615.2002,10631.65039,10537.25,10554.29981,187500,-0.267418262
28-02-2018,10488.9502,10535.5,10461.54981,10492.84961,286000,-0.582229017
01-03-2018,10479.9502,10525.5,10447.15039,10458.34961,176000,-0.328795335
05-03-2018,10428.29981,10428.7002,10323.90039,10358.84961,194000,-0.951392942
06-03-2018,10420.5,10441.34961,10215.90039,10249.25,222900,-1.058028769
07-03-2018,10232.9502,10243.34961,10141.54981,10154.2002,249500,-0.927383028
08-03-2018,10216.25,10270.34961,10146.40039,10242.65039,226400,0.871070043
09-03-2018,10271.29981,10296.7002,10211.90039,10226.84961,186500,-0.154264584
12-03-2018,10301.59961,10433.65039,10295.4502,10421.40039,216400,1.902353016
13-03-2018,10389.5,10478.59961,10377.84961,10426.84961,266700,0.052288731
14-03-2018,10393.04981,10420.34961,10336.29981,10410.90039,181400,-0.152962962
15-03-2018,10405.4502,10420,10346.2002,10360.15039,173900,-0.487469845
16-03-2018,10345.15039,10346.29981,10180.25,10195.15039,328500,-1.592640973
19-03-2018,10215.34961,10224.54981,10075.29981,10094.25,210200,-0.98969007
20-03-2018,10051.54981,10155.65039,10049.09961,10124.34961,203000,0.29818569
21-03-2018,10181.9502,10227.29981,10132.9502,10155.25,204800,0.305208652
22-03-2018,10167.5,10207.84961,10105.40039,10114.75,230500,-0.398808498
23-03-2018,9968.799805,10027.7002,9951.900391,9998.049805,285700,-1.153762525
26-03-2018,9989.150391,10143.5,9958.549805,10130.65039,262600,1.326264507
27-03-2018,10188,10207.90039,10139.65039,10184.15039,225700,0.528100348
28-03-2018,10143.59961,10158.34961,10096.90039,10113.7002,344400,-0.691763115
02-04-2018,10151.65039,10220.09961,10127.75,10211.79981,225400,0.96996755
03-04-2018,10186.84961,10255.34961,10171.04981,10245,205300,0.325115999
04-04-2018,10274.59961,10279.84961,10111.29981,10128.40039,231100,-1.138112338
05-04-2018,10228.4502,10331.79981,10227.4502,10325.15039,236800,1.942557486
06-04-2018,10322.75,10350.4502,10290.84961,10331.59961,200200,0.06246125
09-04-2018,10333.7002,10397.7002,10328.5,10379.34961,221600,0.462174318
10-04-2018,10412.90039,10424.84961,10381.5,10402.25,251700,0.220634162
11-04-2018,10428.15039,10428.15039,10355.59961,10417.15039,250400,0.143242001
12-04-2018,10410.65039,10469.90039,10395.25,10458.65039,238600,0.3983815
13-04-2018,10495.29981,10519.90039,10451.4502,10480.59961,213100,0.209866638
16-04-2018,10398.29981,10540.15039,10396.34961,10528.34961,195000,0.455603704
17-04-2018,10557.29981,10560.4502,10495.65039,10548.7002,206100,0.19329322
18-04-2018,10578.90039,10594.2002,10509.7002,10526.2002,205400,-0.213296421
19-04-2018,10563.65039,10572.2002,10546.2002,10565.29981,262600,0.371450374
20-04-2018,10560.34961,10582.34961,10527.4502,10564.04981,244600,-0.011831183
23-04-2018,10592.79981,10638.34961,10514.9502,10584.7002,194200,0.195477969
24-04-2018,10578.09961,10636.79981,10569,10614.34961,219200,0.280115766
25-04-2018,10612.40039,10612.59961,10536.4502,10570.54981,189200,-0.412647083
26-04-2018,10586.5,10628.40039,10559.65039,10617.79981,335100,0.446996617
27-04-2018,10651.65039,10719.79981,10647.54981,10692.29981,0,0.701651956
30-04-2018,10705.75,10759,10704.59961,10739.34961,173800,0.440034463
02-05-2018,10783.84961,10784.65039,10689.79981,10718.04981,229700,-0.198334208
03-05-2018,10720.15039,10720.59961,10647.4502,10679.65039,185200,-0.358268665
04-05-2018,10700.4502,10700.4502,10601.59961,10618.25,186500,-0.574928848
07-05-2018,10653.15039,10725.65039,10635.65039,10715.5,168400,0.915875968
08-05-2018,10757.90039,10758.54981,10689.40039,10717.79981,269800,0.021462414
09-05-2018,10693.34961,10766.25,10689.84961,10741.7002,215400,0.222997168
10-05-2018,10779.65039,10785.54981,10705,10716.54981,192100,-0.234137888
11-05-2018,10741.9502,10812.04981,10724.4502,10806.5,203100,0.839357784
14-05-2018,10815.15039,10834.84961,10774.75,10806.59961,171400,0.000921751
15-05-2018,10812.59961,10929.2002,10781.40039,10801.84961,254300,-0.043954622
16-05-2018,10751.9502,10790.4502,10699.7002,10741.09961,231100,-0.562403683
17-05-2018,10775.59961,10777.25,10664.5,10682.7002,214100,-0.543700516
18-05-2018,10671.84961,10674.9502,10589.09961,10596.40039,223000,-0.807846354
21-05-2018,10616.7002,10621.7002,10505.79981,10516.7002,0,-0.752144059
22-05-2018,10518.4502,10558.59961,10490.54981,10536.7002,241700,0.19017372
23-05-2018,10521.09961,10533.54981,10417.79981,10430.34961,290900,-1.009334839
24-05-2018,10464.84961,10535.15039,10419.79981,10513.84961,297600,0.80054843
25-05-2018,10533.04981,10628.04981,10524,10605.15039,260800,0.868385847
28-05-2018,10648.34961,10709.79981,10640.54981,10688.65039,232600,0.787353285
29-05-2018,10689.40039,10717.25,10616.09961,10633.29981,225800,-0.51784448
30-05-2018,10579,10648.7002,10558.4502,10614.34961,238700,-0.178215571
31-05-2018,10670.09961,10763.79981,10620.40039,10736.15039,610300,1.147510554
01-06-2018,10738.4502,10764.75,10681.5,10696.2002,220600,-0.372109132
04-06-2018,10765.9502,10770.29981,10618.34961,10628.5,203800,-0.632936873
05-06-2018,10630.7002,10633.15039,10550.90039,10593.15039,167700,-0.332592642
06-06-2018,10603.4502,10698.34961,10587.5,10684.65039,189900,0.863765704
07-06-2018,10722.59961,10818,10722.59961,10768.34961,220900,0.783359445
08-06-2018,10736.40039,10779.4502,10709.04981,10767.65039,209400,-0.00649327
11-06-2018,10781.84961,10850.54981,10777.04981,10786.9502,211400,0.179238769
12-06-2018,10816.15039,10856.54981,10789.40039,10842.84961,198300,0.518213332
13-06-2018,10887.5,10893.25,10842.65039,10856.7002,213400,0.127739354
14-06-2018,10832.90039,10833.7002,10773.54981,10808.04981,184300,-0.448113968
15-06-2018,10808.65039,10834,10755.40039,10817.7002,305400,0.089288911
18-06-2018,10830.2002,10830.2002,10787.34961,10799.84961,196600,-0.165012763
19-06-2018,10789.4502,10789.4502,10701.2002,10710.4502,224500,-0.827783879
20-06-2018,10734.65039,10781.79981,10724.04981,10772.04981,193500,0.575135581
21-06-2018,10808.4502,10809.59961,10725.90039,10741.09961,223600,-0.287319466
22-06-2018,10742.7002,10837,10710.4502,10821.84961,229800,0.751785226
25-06-2018,10822.90039,10831.04981,10753.04981,10762.4502,229600,-0.54888412
26-06-2018,10742.7002,10805.25,10732.54981,10769.15039,220000,0.062255303
27-06-2018,10785.5,10785.5,10652.40039,10671.40039,246000,-0.907685346
28-06-2018,10660.79981,10674.2002,10557.7002,10589.09961,352300,-0.771227571
29-06-2018,10612.84961,10723.04981,10612.34961,10714.29981,242800,1.182349781
02-07-2018,10732.34961,10736.15039,10604.65039,10657.29981,295400,-0.5319993
03-07-2018,10668.59961,10713.29981,10630.25,10699.90039,202100,0.399731515
04-07-2018,10715,10777.15039,10677.75,10769.90039,173900,0.654211698
05-07-2018,10786.04981,10786.04981,10726.25,10749.75,220500,-0.18709914
06-07-2018,10744.15039,10816.34961,10735.04981,10772.65039,0,0.213031847
09-07-2018,10838.29981,10860.34961,10807.15039,10852.90039,183600,0.744942025
10-07-2018,10902.75,10956.90039,10876.65039,10947.25,197000,0.869349258
11-07-2018,10956.40039,10976.65039,10923,10948.29981,222300,0.009589669
12-07-2018,11006.9502,11078.29981,10999.65039,11023.2002,248300,0.68412805
13-07-2018,11056.90039,11071.34961,10999.75,11018.90039,0,-0.039006858
16-07-2018,11018.9502,11019.5,10926.25,10936.84961,210500,-0.744636752
17-07-2018,10939.65039,11018.5,10925.59961,11008.04981,210600,0.651011933
18-07-2018,11060.2002,11076.2002,10956.29981,10980.4502,225500,-0.250722067
19-07-2018,10999.5,11006.5,10935.4502,10957.09961,215400,-0.212655998
20-07-2018,10963.5,11030.25,10946.2002,11010.2002,187300,0.484622646
23-07-2018,11019.84961,11093.40039,11010.9502,11084.75,229100,0.677097634
24-07-2018,11109,11143.40039,11092.5,11134.29981,205800,0.447008773
25-07-2018,11148.40039,11157.15039,11113.25,11132,205900,-0.020655138
26-07-2018,11132.9502,11185.84961,11125.7002,11167.29981,365400,0.317102093
27-07-2018,11232.75,11283.40039,11210.25,11278.34961,314600,0.994419474
30-07-2018,11296.65039,11328.09961,11261.4502,11319.54981,278800,0.365303413
31-07-2018,11311.04981,11366,11267.75,11356.5,256500,0.326428132
01-08-2018,11359.79981,11390.54981,11313.54981,11346.2002,269700,-0.090695241
02-08-2018,11328.90039,11328.90039,11234.9502,11244.7002,210000,-0.894572617
03-08-2018,11297.79981,11368,11294.54981,11360.79981,218300,1.03248293
06-08-2018,11401.5,11427.65039,11370.59961,11387.09961,203700,0.231496061
07-08-2018,11423.15039,11428.9502,11359.7002,11389.4502,226400,0.020642535
08-08-2018,11412.5,11459.9502,11379.29981,11450,210500,0.531630623
09-08-2018,11493.25,11495.2002,11454.09961,11470.7002,302200,0.180787729
10-08-2018,11474.9502,11478.75,11419.65039,11429.5,0,-0.359177681
13-08-2018,11369.59961,11406.29981,11340.29981,11355.75,246900,-0.645260073
14-08-2018,11381.7002,11452.4502,11370.79981,11435.09961,232600,0.6987615
16-08-2018,11397.15039,11449.84961,11366.25,11385.04981,290600,-0.437685772
17-08-2018,11437.15039,11486.4502,11431.79981,11470.75,234700,0.75274326
20-08-2018,11502.09961,11565.29981,11499.65039,11551.75,232600,0.706143888
21-08-2018,11576.2002,11581.75,11539.59961,11570.90039,224200,0.165779133
23-08-2018,11620.7002,11620.7002,11546.7002,11582.75,248500,0.102408703
24-08-2018,11566.59961,11604.59961,11532,11557.09961,218800,-0.221453377
27-08-2018,11605.84961,11700.9502,11595.59961,11691.9502,199500,1.166820314
28-08-2018,11731.9502,11760.2002,11710.5,11738.5,241900,0.398135505
29-08-2018,11744.9502,11753.2002,11678.84961,11691.90039,251600,-0.396980952
30-08-2018,11694.75,11698.79981,11639.7002,11676.79981,313800,-0.129154248
31-08-2018,11675.84961,11727.65039,11640.09961,11680.5,346500,0.031688434
03-09-2018,11751.79981,11751.79981,11567.40039,11582.34961,234400,-0.840292719
04-09-2018,11598.75,11602.54981,11496.84961,11520.29981,254800,-0.535727258
05-09-2018,11514.84961,11542.65039,11393.84961,11476.9502,246100,-0.376288905
06-09-2018,11514.15039,11562.25,11436.04981,11536.90039,247900,0.52235302
07-09-2018,11558.25,11603,11484.40039,11589.09961,295900,0.45245444
10-09-2018,11570.25,11573,11427.29981,11438.09961,286700,-1.302948504
11-09-2018,11476.84961,11479.40039,11274,11287.5,0,-1.316648868
12-09-2018,11340.09961,11380.75,11250.2002,11369.90039,268200,0.730014538
14-09-2018,11443.5,11523.25,11430.54981,11515.2002,276600,1.277933834
17-09-2018,11464.9502,11464.9502,11366.90039,11377.75,201400,-1.193641384
18-09-2018,11381.54981,11411.4502,11268.9502,11278.90039,240900,-0.868797513
19-09-2018,11326.65039,11332.04981,11210.90039,11234.34961,250600,-0.394992246
21-09-2018,11271.29981,11346.79981,10866.4502,11143.09961,719000,-0.812241057
24-09-2018,11164.40039,11170.15039,10943.59961,10967.40039,0,-1.576753544
25-09-2018,10969.9502,11080.59961,10882.84961,11067.4502,405000,0.912247209
26-09-2018,11145.54981,11145.54981,10993.04981,11053.79981,340500,-0.123338165
27-09-2018,11079.79981,11089.4502,10953.34961,10977.54981,405700,-0.689808042
28-09-2018,11008.09961,11034.09961,10850.29981,10930.4502,478100,-0.42905394
01-10-2018,10930.90039,11035.65039,10821.54981,11008.29981,387000,0.712226931
03-10-2018,10982.7002,10989.04981,10843.75,10858.25,386800,-1.363060669
04-10-2018,10754.7002,10754.7002,10547.25,10599.25,425100,-2.38528308
05-10-2018,10514.09961,10540.65039,10261.90039,10316.4502,606400,-2.66811147
08-10-2018,10310.15039,10398.34961,10198.40039,10348.04981,456200,0.306303131
09-10-2018,10390.29981,10397.59961,10279.34961,10301.04981,430500,-0.454191861
10-10-2018,10331.84961,10482.34961,10318.25,10460.09961,0,1.544015484
11-10-2018,10169.79981,10335.9502,10138.59961,10234.65039,483500,-2.155325728
12-10-2018,10331.54981,10492.4502,10322.15039,10472.5,343500,2.32396418
15-10-2018,10524.2002,10526.29981,10410.15039,10512.5,259500,0.381952733
16-10-2018,10550.15039,10604.90039,10525.29981,10584.75,265200,0.687277051
17-10-2018,10688.7002,10710.15039,10436.4502,10453.04981,284800,-1.244244739
19-10-2018,10339.7002,10380.09961,10249.59961,10303.54981,357500,-1.430204608
22-10-2018,10405.84961,10408.54981,10224,10245.25,297300,-0.565822518
23-10-2018,10152.59961,10222.09961,10102.34961,10146.79981,302600,-0.960935019
24-10-2018,10278.15039,10290.65039,10126.7002,10224.75,351400,0.76822443
25-10-2018,10135.04981,10166.59961,10079.29981,10124.90039,0,-0.97654817
26-10-2018,10122.34961,10128.84961,10004.54981,10030,364300,-0.937297033
29-10-2018,10078.09961,10275.29981,10020.34961,10250.84961,364400,2.201890419
30-10-2018,10239.40039,10285.09961,10175.34961,10198.40039,289800,-0.511657277
31-10-2018,10209.54981,10396,10105.09961,10386.59961,375000,1.845379773
01-11-2018,10441.7002,10441.90039,10341.90039,10380.4502,348500,-0.059205267
02-11-2018,10462.29981,10606.9502,10457.7002,10553,421200,1.662257434
05-11-2018,10558.75,10558.79981,10477,10524,301900,-0.274803373
06-11-2018,10552,10600.25,10491.4502,10530,0,0.057012543
07-11-2018,10614.4502,10616.4502,10582.29981,10598.40039,31200,0.649576363
09-11-2018,10614.7002,10619.54981,10544.84961,10585.2002,296600,-0.124548946
12-11-2018,10607.79981,10645.5,10464.04981,10482.2002,259700,-0.973056703
13-11-2018,10451.90039,10596.25,10440.54981,10582.5,254600,0.956858323
14-11-2018,10634.90039,10651.59961,10532.7002,10576.29981,384500,-0.058589133
15-11-2018,10580.59961,10646.5,10557.5,10616.7002,0,0.381989833
16-11-2018,10644,10695.15039,10631.15039,10682.2002,342800,0.616952526
19-11-2018,10731.25,10774.7002,10688.79981,10763.40039,272100,0.760144863
20-11-2018,10740.09961,10740.84961,10640.84961,10656.2002,295200,-0.995969602
21-11-2018,10670.9502,10671.29981,10562.34961,10600.04981,300900,-0.526926944
22-11-2018,10612.65039,10646.25,10512,10526.75,239500,-0.691504345
26-11-2018,10568.29981,10637.79981,10489.75,10628.59961,0,0.967531375
27-11-2018,10621.4502,10695.15039,10596.34961,10685.59961,0,0.536288901
28-11-2018,10708.75,10757.79981,10699.84961,10728.84961,424500,0.404750333
29-11-2018,10808.7002,10883.04981,10782.34961,10858.7002,691300,1.210293654
30-11-2018,10892.09961,10922.4502,10835.09961,10876.75,453900,0.166224361
03-12-2018,10930.7002,10941.2002,10845.34961,10883.75,409700,0.06435746
04-12-2018,10877.09961,10890.9502,10833.34961,10869.5,322100,-0.130929137
05-12-2018,10820.4502,10821.04981,10747.9502,10782.90039,312300,-0.796721183
06-12-2018,10718.15039,10722.65039,10588.25,10601.15039,318500,-1.68553908
07-12-2018,10644.79981,10704.54981,10599.34961,10693.7002,325800,0.873016612
10-12-2018,10508.7002,10558.84961,10474.9502,10488.4502,381300,-1.919354351
11-12-2018,10350.04981,10567.15039,10333.84961,10549.15039,425500,0.578733701
12-12-2018,10591,10752.2002,10560.79981,10737.59961,360500,1.786392373
13-12-2018,10810.75,10838.59961,10749.5,10791.54981,376200,0.502441867
14-12-2018,10784.5,10815.75,10752.09961,10805.4502,340100,0.128808098
17-12-2018,10853.2002,10900.34961,10844.84961,10888.34961,296900,0.767200001
18-12-2018,10850.90039,10915.40039,10819.09961,10908.7002,286100,0.186902393
19-12-2018,10930.54981,10985.15039,10928,10967.29981,312100,0.537182331
20-12-2018,10885.2002,10962.54981,10880.04981,10951.7002,318900,-0.142237472
21-12-2018,10944.25,10963.65039,10738.65039,10754,377500,-1.805200941
24-12-2018,10780.90039,10782.29981,10649.25,10663.5,223400,-0.841547331
26-12-2018,10635.4502,10747.5,10534.54981,10729.84961,263700,0.622212304
27-12-2018,10817.90039,10834.2002,10764.4502,10779.79981,456100,0.465525593
28-12-2018,10820.9502,10893.59961,10817.15039,10859.90039,245500,0.743061907
31-12-2018,10913.2002,10923.54981,10853.2002,10862.54981,180900,0.024396301
02-01-2019,10868.84961,10895.34961,10735.04981,10792.5,309700,#VALUE!
03-01-2019,10796.79981,10814.04981,10661.25,10672.25,286200,-1.114199676
04-01-2019,10699.7002,10741.04981,10628.65039,10727.34961,296600,0.51628859
07-01-2019,10804.84961,10835.9502,10750.15039,10771.79981,269400,0.414363264
08-01-2019,10786.25,10818.4502,10733.25,10802.15039,277700,0.281759655
09-01-2019,10862.40039,10870.40039,10749.40039,10855.15039,333000,0.490643049
10-01-2019,10859.34961,10859.34961,10801.79981,10821.59961,254400,-0.309077081
11-01-2019,10834.75,10850.15039,10739.40039,10794.9502,260800,-0.24626132
14-01-2019,10807,10808,10692.34961,10737.59961,298800,-0.531272354
15-01-2019,10777.54981,10896.9502,10777.54981,10886.79981,310700,1.389511636
16-01-2019,10899.65039,10928.15039,10876.90039,10890.29981,276500,0.032149025
17-01-2019,10920.84961,10930.65039,10844.65039,10905.2002,271700,0.136822588
18-01-2019,10914.84961,10928.2002,10852.2002,10906.9502,323800,0.01604739
21-01-2019,10919.34961,10987.4502,10885.75,10961.84961,288800,0.5033434
22-01-2019,10949.79981,10949.79981,10864.15039,10922.75,300800,-0.356688063
23-01-2019,10931.04981,10944.79981,10811.9502,10831.5,298900,-0.835412327
24-01-2019,10844.04981,10866.59961,10798.65039,10849.79981,361100,0.168949868
25-01-2019,10859.75,10931.7002,10756.4502,10780.54981,463400,-0.638260625
28-01-2019,10792.4502,10804.4502,10630.9502,10661.54981,419700,-1.103839806
29-01-2019,10653.7002,10690.34961,10583.65039,10652.2002,356900,-0.087694661
30-01-2019,10702.25,10710.2002,10612.84961,10651.79981,410100,-0.003758754
31-01-2019,10690.54981,10838.04981,10678.54981,10830.9502,604800,1.681879056
01-02-2019,10851.34961,10983.4502,10813.4502,10893.65039,482300,0.578898387
04-02-2019,10876.75,10927.90039,10814.15039,10912.25,318300,0.170738075
05-02-2019,10908.65039,10956.7002,10886.7002,10934.34961,268100,0.202521102
06-02-2019,10965.09961,11072.59961,10962.7002,11062.4502,298500,1.171542804
07-02-2019,11070.4502,11118.09961,11043.59961,11069.40039,263500,0.062826913
08-02-2019,11023.5,11041.2002,10925.4502,10943.59961,352800,-1.136473319
11-02-2019,10930.90039,10930.90039,10857.09961,10888.79981,286000,-0.500747523
12-02-2019,10879.7002,10910.90039,10823.79981,10831.40039,292300,-0.527141788
14-02-2019,10786.09961,10792.7002,10718.75,10746.04981,627000,-0.787992161
15-02-2019,10780.25,10785.75,10620.40039,10724.40039,521900,-0.201463928
18-02-2019,10738.65039,10759.90039,10628.40039,10640.9502,345400,-0.778133909
19-02-2019,10636.7002,10722.84961,10585.65039,10604.34961,291500,-0.343959753
20-02-2019,10655.4502,10752.7002,10646.40039,10735.4502,289200,1.236290681
21-02-2019,10744.09961,10808.84961,10721.5,10789.84961,279600,0.5067269
22-02-2019,10782.7002,10801.54981,10758.40039,10791.65039,396800,0.016689593
25-02-2019,10813.25,10887.09961,10788.04981,10880.09961,385900,0.819607889
26-02-2019,10775.29981,10888.75,10729.29981,10835.29981,415000,-0.411759135
27-02-2019,10881.2002,10939.7002,10751.2002,10806.65039,381100,-0.264408134
28-02-2019,10865.7002,10865.7002,10784.84961,10792.5,644200,-0.130941508
01-03-2019,10842.65039,10877.90039,10823.09961,10863.5,308500,0.657864258
05-03-2019,10864.84961,10994.90039,10817,10987.4502,373200,1.14097846
06-03-2019,11024.84961,11062.29981,10998.84961,11053,372600,0.59658796
07-03-2019,11077.9502,11089.04981,11027.09961,11058.2002,321200,0.047047815
08-03-2019,11038.84961,11049,11008.9502,11035.40039,326600,-0.206180062
11-03-2019,11068.75,11180.90039,11059.84961,11168.04981,352200,1.202035353
12-03-2019,11231.34961,11320.40039,11227,11301.2002,391300,1.192243877
13-03-2019,11326.2002,11352.29981,11276.59961,11341.7002,383000,0.358369017
14-03-2019,11382.5,11383.4502,11313.75,11343.25,294500,0.013664662
15-03-2019,11376.84961,11487,11370.79981,11426.84961,463700,0.736998735
18-03-2019,11473.84961,11530.15039,11412.5,11462.2002,320300,0.309364236
19-03-2019,11500.29981,11543.84961,11451.25,11532.40039,326100,0.612449572
20-03-2019,11553.34961,11556.09961,11503.09961,11521.04981,366300,-0.098423447
22-03-2019,11549.2002,11572.79981,11434.54981,11456.90039,386200,-0.556801811
25-03-2019,11395.65039,11395.65039,11311.59961,11354.25,294500,-0.895970005
26-03-2019,11375.2002,11496.75,11352.4502,11483.25,282600,1.13613845
27-03-2019,11531.4502,11546.2002,11413,11445.04981,350400,-0.332660135
28-03-2019,11463.65039,11588.5,11452.4502,11570,527700,1.091740072
01-04-2019,11665.2002,11738.09961,11644.75,11669.15039,379600,0.856961029
02-04-2019,11711.54981,11729.34961,11655.84961,11713.2002,386100,0.377489385
03-04-2019,11735.29981,11761,11629.15039,11643.9502,365800,-0.591213322
04-04-2019,11660.2002,11662.54981,11559.2002,11598,349000,-0.394627203
05-04-2019,11638.40039,11689.65039,11609.5,11665.9502,266700,0.585878557
08-04-2019,11704.34961,11710.29981,11549.09961,11604.5,260900,-0.526748306
09-04-2019,11612.04981,11683.90039,11569.7002,11671.9502,300500,0.581241717
10-04-2019,11646.84961,11680.04981,11571.75,11584.29981,359900,-0.750948972
11-04-2019,11592.54981,11606.7002,11550.54981,11596.7002,279800,0.107044795
12-04-2019,11612.84961,11657.34961,11578.79981,11643.4502,246000,0.403131919
15-04-2019,11667,11704.59961,11648.25,11690.34961,290000,0.402796536
16-04-2019,11736.2002,11810.9502,11731.54981,11787.15039,354300,0.828040095
18-04-2019,11856.15039,11856.15039,11738.5,11752.79981,339700,-0.291424007
22-04-2019,11727.04981,11727.04981,11583.9502,11594.4502,260400,-1.347335211
23-04-2019,11612.9502,11645.9502,11564.79981,11575.9502,272500,-0.159559097
24-04-2019,11601.5,11740.84961,11578.84961,11726.15039,335200,1.29751937
25-04-2019,11735.7002,11796.75,11624.29981,11641.79981,604400,-0.719337406
26-04-2019,11683.75,11762.90039,11661.75,11754.65039,333500,0.969356868
30-04-2019,11748.75,11756.25,11655.90039,11748.15039,532600,-0.055297263
02-05-2019,11725.54981,11789.29981,11699.54981,11724.75,380300,-0.199183618
03-05-2019,11722.59961,11770.90039,11699.34961,11712.25,305500,-0.106612081
06-05-2019,11605.79981,11632.54981,11571.34961,11598.25,299000,-0.973339879
07-05-2019,11651.5,11657.04981,11484.4502,11497.90039,337500,-0.865213364
08-05-2019,11478.7002,11479.09961,11346.9502,11359.4502,372800,-1.204134592
09-05-2019,11322.40039,11357.59961,11255.04981,11301.79981,373000,-0.50751039
10-05-2019,11314.15039,11345.79981,11251.04981,11278.90039,387300,-0.20261741
13-05-2019,11258.7002,11300.2002,11125.59961,11148.2002,357600,-1.158802644
14-05-2019,11151.65039,11294.75,11108.29981,11222.04981,398100,0.662435269
15-05-2019,11271.7002,11286.79981,11136.9502,11157,414200,-0.579660634
16-05-2019,11180.34961,11281.54981,11143.34961,11257.09961,350700,0.897191082
17-05-2019,11261.90039,11426.15039,11259.84961,11407.15039,412100,1.33294354
20-05-2019,11651.90039,11845.2002,11591.7002,11828.25,452100,3.691540784
21-05-2019,11863.65039,11883.54981,11682.79981,11709.09961,381000,-1.007337442
22-05-2019,11727.9502,11784.79981,11682.40039,11737.90039,355900,0.245969229
23-05-2019,11901.29981,12041.15039,11614.5,11657.04981,569000,-0.688799388
24-05-2019,11748,11859,11658.09961,11844.09961,374600,1.604606715
27-05-2019,11855.5,11957.15039,11812.40039,11924.75,348400,0.680933069
28-05-2019,11958.34961,11958.54981,11864.90039,11928.75,598300,0.03354368
29-05-2019,11905.79981,11931.90039,11836.79981,11861.09961,318100,-0.567120537
30-05-2019,11865.29981,11968.54981,11859.40039,11945.90039,421200,0.714948738
31-05-2019,11999.79981,12039.25,11829.4502,11922.79981,438900,-0.193376684
03-06-2019,11953.75,12103.04981,11920.09961,12088.54981,315300,1.390193601
04-06-2019,12052.65039,12095.2002,12005.84961,12021.65039,289200,-0.553411411
06-06-2019,12039.79981,12039.79981,11830.25,11843.75,415200,-1.479833344
07-06-2019,11865.2002,11897.5,11769.5,11870.65039,302500,0.227127312
10-06-2019,11934.90039,11975.04981,11871.75,11922.7002,303300,0.438474745
11-06-2019,11959.84961,12000.34961,11904.34961,11965.59961,332200,0.359812906
12-06-2019,11962.4502,11962.4502,11866.34961,11906.2002,283700,-0.496418198
13-06-2019,11873.90039,11931.34961,11817.04981,11914.04981,447900,0.065928759
14-06-2019,11910.09961,11911.84961,11797.7002,11823.29981,390300,-0.76170573
17-06-2019,11844,11844.04981,11657.75,11672.15039,295500,-1.278402954
18-06-2019,11677.04981,11727.2002,11641.15039,11691.5,365500,0.165775871
19-06-2019,11744.4502,11802.5,11625.09961,11691.4502,446900,-0.000425993
20-06-2019,11653.65039,11843.5,11635.04981,11831.75,442000,1.200020551
21-06-2019,11827.59961,11827.9502,11705.09961,11724.09961,468400,-0.909843354
24-06-2019,11725.79981,11754,11670.2002,11699.65039,277600,-0.208538129
25-06-2019,11681,11814.40039,11651,11796.4502,300500,0.827373475
26-06-2019,11768.15039,11871.84961,11757.54981,11847.54981,327900,0.433177856
27-06-2019,11860.84961,11911.15039,11821.04981,11841.54981,480200,-0.050643383
28-06-2019,11861.15039,11871.7002,11775.5,11788.84961,303900,-0.445044752
01-07-2019,11839.90039,11884.65039,11830.79981,11865.59961,278400,0.651038927
02-07-2019,11890.29981,11917.4502,11814.7002,11910.29981,363200,0.37672092
03-07-2019,11932.15039,11945.2002,11887.04981,11916.75,340500,0.054156445
04-07-2019,11928.79981,11969.25,11923.65039,11946.75,333600,0.251746491
05-07-2019,11964.75,11981.75,11797.90039,11811.15039,530700,-1.135033453
08-07-2019,11770.40039,11771.90039,11523.29981,11558.59961,464000,-2.138240338
09-07-2019,11531.59961,11582.54981,11461,11555.90039,442500,-0.023352466
10-07-2019,11536.15039,11593.7002,11475.65039,11498.90039,337600,-0.493254511
11-07-2019,11561.4502,11599,11519.5,11582.90039,317300,0.730504632
12-07-2019,11601.15039,11639.54981,11538.59961,11552.5,359400,-0.262459228
15-07-2019,11614.75,11618.40039,11532.29981,11588.34961,368800,0.310319056
16-07-2019,11596.65039,11670.04981,11573.9502,11662.59961,480200,0.64072972
17-07-2019,11670.75,11706.65039,11651.15039,11687.5,464800,0.213506352
18-07-2019,11675.59961,11677.15039,11582.40039,11596.90039,498300,-0.77518382
19-07-2019,11627.9502,11640.34961,11399.29981,11419.25,446000,-1.531878218
22-07-2019,11392.84961,11398.15039,11301.25,11346.2002,516000,-0.639707555
23-07-2019,11372.25,11398.09961,11303.15039,11331.04981,500,-0.133528316
24-07-2019,11322.4502,11359.25,11230.2002,11271.29981,400800,-0.527312129
25-07-2019,11290.40039,11361.40039,11239.34961,11252.15039,537100,-0.169895348
26-07-2019,11247.4502,11307.34961,11210.59961,11284.29981,507000,0.285717955
29-07-2019,11307.5,11307.5,11152.75,11189.2002,468400,-0.842760398
30-07-2019,11213.7002,11267.09961,11072.9502,11085.40039,464700,-0.927678495
31-07-2019,11034.04981,11144.15039,10999.65039,11118,520600,0.294076965
01-08-2019,11060.2002,11076.75,10881,10980,484900,-1.241230437
02-08-2019,10930.29981,11079.79981,10849.54981,10997.34961,531000,0.158011011
05-08-2019,10895.79981,10895.79981,10782.59961,10862.59961,491400,-1.225295228
06-08-2019,10815.40039,11018,10815.40039,10948.25,502400,0.788488889
07-08-2019,10958.09961,10975.65039,10835.90039,10855.5,532000,-0.847167356
08-08-2019,10899.2002,11057.65039,10843.25,11032.4502,468000,1.63005108
09-08-2019,11087.90039,11181.29981,11063.15039,11109.65039,522000,0.699755672
13-08-2019,11139.40039,11145.90039,10901.59961,10925.84961,600,-1.654424537
14-08-2019,11003.25,11077.34961,10935.84961,11029.40039,500,0.94775954
16-08-2019,11043.65039,11068.54981,10924.29981,11047.79981,500,0.166821526
19-08-2019,11094.79981,11146.90039,11037.84961,11053.90039,400,0.055219918
20-08-2019,11047.65039,11049.84961,10986.7002,11017,400,-0.333822359
21-08-2019,11018.15039,11034.2002,10906.65039,10918.7002,600,-0.89225565
22-08-2019,10905.29981,10908.25,10718.29981,10741.34961,700,-1.624282953
23-08-2019,10699.59961,10862.54981,10637.15039,10829.34961,700,0.819263903
26-08-2019,11000.29981,11070.29981,10756.54981,11057.84961,700,2.110006679
27-08-2019,11106.54981,11141.75,11049.5,11105.34961,700,0.429559107
28-08-2019,11101.29981,11129.65039,10987.65039,11046.09961,500,-0.533526652
29-08-2019,10996.04981,11021.09961,10922.40039,10948.29981,600,-0.885378617
30-08-2019,10987.79981,11042.59961,10874.79981,11023.25,600,0.684582961
03-09-2019,10960.9502,10967.5,10772.7002,10797.90039,0,-2.044311877
04-09-2019,10790.40039,10858.75,10746.34961,10844.65039,500,0.43295454
05-09-2019,10860.9502,10920.09961,10816,10847.90039,600,0.029968693
06-09-2019,10883.79981,10957.04981,10867.4502,10946.2002,500,0.906164331
09-09-2019,10936.7002,11028.84961,10889.79981,11003.04981,400,0.519354744
11-09-2019,11028.5,11054.79981,11011.65039,11035.7002,700,0.296739455
12-09-2019,11058.29981,11081.75,10964.9502,10982.79981,600,-0.479356897
13-09-2019,10986.79981,11084.4502,10945.75,11075.90039,600,0.847694465
16-09-2019,10994.84961,11052.7002,10968.2002,11003.5,400,-0.653674992
17-09-2019,11000.09961,11000.09961,10796.5,10817.59961,500,-1.689465997
18-09-2019,10872.79981,10885.15039,10804.84961,10840.65039,500,0.213085923
19-09-2019,10845.2002,10845.2002,10670.25,10704.79981,600,-1.253159
20-09-2019,10746.79981,11381.90039,10691,11274.2002,1400,5.319112925
23-09-2019,11542.7002,11694.84961,11471.34961,11600.2002,900,2.891557666
24-09-2019,11590.7002,11655.04981,11539.2002,11588.2002,700,-0.103446491
25-09-2019,11564.84961,11564.9502,11416.09961,11440.2002,600,-1.277161229
26-09-2019,11469.84961,11610.84961,11466.34961,11571.2002,800,1.145084857
27-09-2019,11556.34961,11593.59961,11499.75,11512.40039,700,-0.508156483
30-09-2019,11491.15039,11508.25,11390.79981,11474.4502,800,-0.329646248
01-10-2019,11515.40039,11554.2002,11247.90039,11359.90039,1300,-0.998303205
03-10-2019,11322.25,11370.40039,11257.34961,11314,1000,-0.404056281
04-10-2019,11388.4502,11400.29981,11158.34961,11174.75,900,-1.23077603
07-10-2019,11196.2002,11233.84961,11112.65039,11126.40039,700,-0.432668373
09-10-2019,11152.9502,11321.59961,11090.15039,11313.29981,700,1.679783285
10-10-2019,11280.5,11293.34961,11208.54981,11234.54981,600,-0.696083383
11-10-2019,11257.7002,11362.90039,11189.40039,11305.04981,700,0.627528483
14-10-2019,11335.90039,11420.4502,11290.04981,11341.15039,600,0.319331508
15-10-2019,11360.84961,11462.34961,11342.09961,11428.29981,500,0.768435397
16-10-2019,11464.9502,11481.04981,11411.09961,11464,500,0.312384131
17-10-2019,11466.29981,11599.09961,11439.65039,11586.34961,800,1.067250602
18-10-2019,11580.29981,11684.7002,11553.15039,11661.84961,900,0.651628878
22-10-2019,11657.15039,11714.34961,11573.65039,11588.34961,900,-0.630260229
23-10-2019,11596.2002,11651.59961,11554.40039,11604.09961,700,0.135912365
24-10-2019,11661.65039,11679.59961,11534.65039,11582.59961,700,-0.185279347
25-10-2019,11646.15039,11646.90039,11490.75,11583.90039,800,0.011230484
29-10-2019,11643.9502,11809.40039,11627.34961,11786.84961,1000,#VALUE!
30-10-2019,11883.90039,11883.9502,11784.4502,11844.09961,700,0.485710787
31-10-2019,11890.4502,11945,11855.09961,11877.4502,1400,0.281579749
01-11-2019,11886.59961,11918.29981,11843.34961,11890.59961,900,0.110709065
04-11-2019,11928.90039,11989.15039,11905.34961,11941.29981,800,0.426388893
05-11-2019,11974.59961,11978.9502,11861.90039,11917.2002,600,-0.20181731
06-11-2019,11911.5,12002.90039,11850.25,11966.04981,603400,0.409908445
07-11-2019,12021.09961,12021.40039,11946.84961,12012.04981,563000,0.38442093
08-11-2019,11987.15039,12034.15039,11888.75,11908.15039,789300,-0.8649599
11-11-2019,11879.2002,11932.65039,11853.9502,11913.4502,549000,0.044505686
13-11-2019,11908.29981,11946.79981,11823.2002,11840.4502,659000,-0.612752803
14-11-2019,11858.75,11895.65039,11802.65039,11872.09961,559500,0.267299076
15-11-2019,11904.2002,11973.65039,11879.25,11895.4502,580200,0.196684553
18-11-2019,11915.15039,11946.2002,11867.59961,11884.5,514400,-0.092053641
19-11-2019,11919.4502,11958.84961,11881.75,11940.09961,613900,0.467832967
20-11-2019,12004.75,12038.59961,11966.04981,11999.09961,646700,0.494133231
21-11-2019,12025.65039,12028.2002,11956.90039,11968.40039,557700,-0.255846013
22-11-2019,11967.29981,11968.09961,11883.5,11914.40039,486800,-0.451188114
25-11-2019,11922.4502,12084.5,11919.75,12073.75,534300,1.337453869
26-11-2019,12110.2002,12132.4502,12006.34961,12037.7002,1201300,-0.298580019
27-11-2019,12068.5,12114.90039,12055.15039,12100.7002,584200,0.523355782
28-11-2019,12132.09961,12158.79981,12099.9502,12151.15039,620500,0.416919643
29-11-2019,12146.2002,12147.40039,12017.40039,12056.04981,804400,-0.78264677
02-12-2019,12137.04981,12137.15039,12023.7002,12048.2002,720900,-0.065109303
03-12-2019,12067.65039,12068.59961,11956.40039,11994.2002,605800,-0.448199724
04-12-2019,11969.9502,12054.7002,11935.29981,12043.2002,747200,0.408530783
05-12-2019,12071.25,12081.2002,11998.75,12018.40039,562200,-0.205923705
06-12-2019,12047.34961,12057.04981,11888.84961,11921.5,609200,-0.806266956
09-12-2019,11939.09961,11981.9502,11888.04981,11937.5,599100,0.134211299
10-12-2019,11950.5,11953.2002,11844.7002,11856.79981,650200,-0.676022576
11-12-2019,11867.34961,11923.2002,11832.29981,11910.15039,997700,0.449957719
12-12-2019,11944.29981,12005.5,11934,11971.79981,752600,0.517620785
13-12-2019,12026.40039,12098.84961,12023.59961,12086.7002,597700,0.959758699
16-12-2019,12131.34961,12134.65039,12046.29981,12053.9502,437700,-0.270958984
17-12-2019,12082.4502,12182.75,12070.34961,12165,499600,0.921273136
18-12-2019,12197,12237.7002,12163.4502,12221.65039,518900,0.465683444
19-12-2019,12223.40039,12268.34961,12191.15039,12259.7002,623100,0.311331144
20-12-2019,12266.4502,12293.90039,12252.75,12271.79981,810700,0.098694175
23-12-2019,12235.4502,12287.15039,12213.25,12262.75,604800,-0.073744725
24-12-2019,12269.25,12283.7002,12202.09961,12214.54981,470300,-0.393061874
26-12-2019,12211.84961,12221.54981,12118.84961,12126.54981,520300,-0.720452259
27-12-2019,12172.90039,12258.4502,12157.90039,12245.79981,383800,0.98337946
30-12-2019,12274.90039,12286.4502,12213.79981,12255.84961,411100,0.082067355
31-12-2019,12247.09961,12247.09961,12151.79981,12168.4502,426900,-0.713124074
01-01-2020,12202.15039,12222.2002,12165.29981,12182.5,304100,0.115460924
02-01-2020,12198.54981,12289.90039,12195.25,12282.2002,407700,0.818388631
03-01-2020,12261.09961,12265.59961,12191.34961,12226.65039,428800,-0.452278933
06-01-2020,12170.59961,12179.09961,11974.2002,11993.04981,396500,-1.910585308
07-01-2020,12079.09961,12152.15039,12005.34961,12052.9502,447800,0.499459195
08-01-2020,11939.09961,12044.9502,11929.59961,12025.34961,446000,-0.228994442
09-01-2020,12153.15039,12224.04981,12132.54981,12215.90039,477500,1.584575819
10-01-2020,12271,12311.2002,12213.2002,12256.79981,660600,0.334804744
13-01-2020,12296.7002,12337.75,12285.79981,12329.54981,501000,0.593548081
14-01-2020,12333.09961,12374.25,12308.7002,12362.29981,616300,0.265622026
15-01-2020,12349.40039,12355.15039,12278.75,12343.29981,684400,-0.153693085
16-01-2020,12347.09961,12389.04981,12315.79981,12355.5,395700,0.098840628
17-01-2020,12328.40039,12385.4502,12321.40039,12352.34961,502100,-0.025497884
20-01-2020,12430.5,12430.5,12216.90039,12224.54981,491600,-1.034619389
21-01-2020,12195.29981,12230.04981,12162.29981,12169.84961,444000,-0.447461844
22-01-2020,12218.34961,12225.04981,12087.90039,12106.90039,500,-0.517255513
23-01-2020,12123.75,12189,12094.09961,12180.34961,867700,0.606672357
24-01-2020,12174.54981,12272.15039,12149.65039,12248.25,593200,0.557458474
27-01-2020,12197.09961,12216.59961,12107,12119,441200,-1.055252791
28-01-2020,12148.09961,12163.54981,12024.5,12055.79981,478500,-0.521496782
29-01-2020,12114.90039,12169.59961,12103.79981,12129.5,514400,0.611325637
30-01-2020,12147.75,12150.29981,12010.59961,12035.79981,538100,-0.772498413
31-01-2020,12100.40039,12103.54981,11945.84961,11962.09961,771300,-0.612341491
03-02-2020,11627.4502,11749.84961,11614.5,11707.90039,669800,-2.125038466
04-02-2020,11786.25,11986.15039,11783.40039,11979.65039,560400,2.321082269
05-02-2020,12005.84961,12098.15039,11953.34961,12089.15039,758000,0.914050047
06-02-2020,12120,12160.59961,12084.65039,12137.9502,565100,0.403666117
07-02-2020,12151.15039,12154.7002,12073.9502,12098.34961,473500,-0.326254313
10-02-2020,12102.34961,12103.54981,11990.75,12031.5,524700,-0.552551473
11-02-2020,12108.40039,12172.29981,12099,12107.90039,480000,0.635003042
12-02-2020,12151,12231.75,12144.29981,12201.2002,411700,0.770569636
13-02-2020,12219.54981,12225.65039,12139.79981,12174.65039,501200,-0.217599938
14-02-2020,12190.15039,12246.7002,12091.2002,12113.4502,622800,-0.502685449
17-02-2020,12131.79981,12159.59961,12037,12045.79981,0,-0.558473341
18-02-2020,12028.25,12030.75,11908.04981,11992.5,676900,-0.442476264
19-02-2020,12090.59961,12134.7002,12042.09961,12125.90039,513600,1.112365153
20-02-2020,12119,12152,12071.4502,12080.84961,502600,-0.371525252
24-02-2020,12012.54981,12012.54981,11813.40039,11829.40039,490800,-2.081386874
25-02-2020,11877.5,11883.04981,11779.90039,11797.90039,461000,-0.266285686
26-02-2020,11738.54981,11783.25,11639.59961,11678.5,567600,-1.012047797
27-02-2020,11661.25,11663.84961,11536.7002,11633.29981,608600,-0.387037676
28-02-2020,11382,11384.79981,11175.04981,11201.75,809900,-3.709607869
02-03-2020,11387.34961,11433,11036.25,11132.75,680800,-0.615975182
03-03-2020,11217.54981,11342.25,11152.54981,11303.29981,696500,1.531964744
04-03-2020,11351.34961,11356.59961,11082.15039,11251,797700,-0.462695017
05-03-2020,11306.04981,11389.5,11244.59961,11269,1352500,0.159985779
06-03-2020,10942.65039,11035.09961,10827.40039,10989.4502,1811000,-2.480697533
09-03-2020,10742.04981,10751.54981,10294.4502,10451.4502,1565500,-4.895604334
11-03-2020,10334.29981,10545.09961,10334,10458.40039,1218500,0.066499824
12-03-2020,10039.9502,10040.75,9508,9590.150391,1343500,-8.301938801
13-03-2020,9107.599609,10159.40039,8555.150391,9955.200195,1388000,3.806507605
16-03-2020,9587.799805,9602.200195,9165.099609,9197.400391,897700,-7.6121001
17-03-2020,9285.400391,9403.799805,8915.599609,8967.049805,935600,-2.50451841
18-03-2020,9088.450195,9127.549805,8407.049805,8468.799805,1516600,-5.556454027
19-03-2020,8063.299805,8575.450195,7832.549805,8263.450195,925700,-2.424778183
20-03-2020,8284.450195,8883,8178.200195,8745.450195,1071500,5.832914686
23-03-2020,7945.700195,8159.25,7583.600098,7610.25,653500,-12.98046607
24-03-2020,7848.299805,8036.950195,7511.100098,7801.049805,738400,2.507142407
25-03-2020,7735.149902,8376.75,7714.75,8317.849609,736900,6.624746886
26-03-2020,8451,8749.049805,8304.900391,8641.450195,865600,3.890435644
27-03-2020,8949.099609,9038.900391,8522.900391,8660.25,801500,0.21755382
30-03-2020,8385.950195,8576,8244,8281.099609,593300,-4.378053647
31-03-2020,8529.349609,8678.299805,8358,8597.75,712700,3.823772276
01-04-2020,8584.099609,8588.099609,8198.349609,8253.799805,506300,-4.000467506
03-04-2020,8356.549805,8356.549805,8055.799805,8083.799805,697000,-2.059657419
07-04-2020,8446.299805,8819.400391,8360.950195,8792.200195,814200,8.763210459
08-04-2020,8688.900391,9131.700195,8653.900391,8748.75,896500,-0.494190237
09-04-2020,8973.049805,9128.349609,8904.549805,9111.900391,742100,4.150883166
13-04-2020,9103.950195,9112.049805,8912.400391,8993.849609,644000,-1.295567082
15-04-2020,9196.400391,9261.200195,8874.099609,8925.299805,879100,-0.762185349
16-04-2020,8851.25,9053.75,8821.900391,8992.799805,719400,0.756277116
17-04-2020,9323.450195,9324,9091.349609,9266.75,684200,3.046328184
20-04-2020,9390.200195,9390.849609,9230.799805,9261.849609,726400,-0.052881442
21-04-2020,9016.950195,9044.400391,8909.400391,8981.450195,655100,-3.027466714
22-04-2020,9026.75,9209.75,8946.25,9187.299805,734400,2.291941786
23-04-2020,9232.349609,9343.599609,9170.150391,9313.900391,666700,1.377995588
24-04-2020,9163.900391,9296.900391,9141.299805,9154.400391,659400,-1.712494157
27-04-2020,9259.700195,9377.099609,9250.349609,9282.299805,512800,1.397135897
28-04-2020,9389.799805,9404.400391,9260,9380.900391,614500,1.062243066
29-04-2020,9408.599609,9599.849609,9392.349609,9553.349609,653000,1.838301344
30-04-2020,9753.5,9889.049805,9731.5,9859.900391,931200,3.208830353
04-05-2020,9533.5,9533.5,9266.950195,9293.5,687500,-5.744483905
05-05-2020,9429.400391,9450.900391,9190.75,9205.599609,725200,-0.945826556
