Date,Prediction
06-06-2020,
07-06-2020,
08-06-2020,
09-06-2020,
10-06-2020,
11-06-2020,
12-06-2020,
13-06-2020,
14-06-2020,
15-06-2020,
16-06-2020,
17-06-2020,
18-06-2020,
19-06-2020,
20-06-2020,
21-06-2020,
22-06-2020,
23-06-2020,
24-06-2020,
25-06-2020,
26-06-2020,
27-06-2020,
28-06-2020,
29-06-2020,
30-06-2020,
01-07-2020,
02-07-2020,
03-07-2020,
04-07-2020,
05-07-2020,
06-07-2020,
07-07-2020,
08-07-2020,
09-07-2020,
10-07-2020,
11-07-2020,
12-07-2020,
13-07-2020,
14-07-2020,
15-07-2020,
16-07-2020,
17-07-2020,
18-07-2020,
19-07-2020,
20-07-2020,
21-07-2020,
22-07-2020,
23-07-2020,
24-07-2020,
25-07-2020,
26-07-2020,
27-07-2020,
28-07-2020,
29-07-2020,
30-07-2020,
31-07-2020,
01-08-2020,
02-08-2020,
03-08-2020,
04-08-2020,
05-08-2020,
06-08-2020,
